	Probe_Id	Array_Address_Id	Reporter_Group_Name	Reporter_Group_id	Reporter_Composite_map	Probe_Sequence
0	ILMN_1343061	2900397	low_stringency_hyb	phage_lambda_genome:mm2		AATTAAAACGATGCACTCAGGGTTTAGCGCGTAGACGTATTGCATTATGC
1	ILMN_2038774	2100273	housekeeping	housekeeping	GI_25453469-S	TCTCAAACCCGGTATGGTGGTCACCTTTGCTCCAGTCAACGTTACAACGG
2	ILMN_1343049	6510136	biotin	phage_lambda_genome		CCATGTGATACGAGGGCGCGTAGTTTGCATTATCGTTTTTATCGTTTCAA
3	ILMN_2038769	1110170	cy3_hyb	phage_lambda_genome:high		AATTAAAACGATGCACACAGGGTTTAGCGCGTACACGTATTGCATTATGC
4	ILMN_2038769	1110170	low_stringency_hyb	phage_lambda_genome:pm		AATTAAAACGATGCACACAGGGTTTAGCGCGTACACGTATTGCATTATGC
5	ILMN_1343050	7560739	cy3_hyb	phage_lambda_genome:low		CCGACAGATGTATGTAAGGCCAACGTGCTCAAATCTTCATACAGAAAGAT
6	ILMN_2038773	1430239	housekeeping	housekeeping	GI_20149305-S	CGTGAAGACCCTGACTGGTAAGACCATCACTCTCGAAGTGGAGCCGAGTG
7	ILMN_2038768	4610291	cy3_hyb	phage_lambda_genome:med		CGGACGTTATGATTTAGCGTGGAAAGATTTGTGTAGTGTTCTGAATGCTC
8	ILMN_2038768	4610291	low_stringency_hyb	phage_lambda_genome:pm		CGGACGTTATGATTTAGCGTGGAAAGATTTGTGTAGTGTTCTGAATGCTC
9	ILMN_1343048	5090180	biotin	phage_lambda_genome		GAATAAAGAACAATCTGCTGATGATCCCTCCGTGGATCTGATTCGTGTAA
10	ILMN_2038777	5570132	housekeeping	housekeeping	GI_5016088-S	ACAGGAAGTCCCTTGCCATCCTAAAAGCCACCCCACTTCTCTCTAAGGAG
11	ILMN_2038772	5900110	housekeeping	housekeeping	GI_14141192-S	GTCAAATTTACCCTGGCCAAGATCCGCAAGGCCGCCCGGGAACTGCTGAC
12	ILMN_1343063	2120427	low_stringency_hyb	phage_lambda_genome:mm2		CGGACGTTATGATTTACCGTGGAAAGATTTGTGAAGTGTTCTGAATGCTC
13	ILMN_2038771	2510500	cy3_hyb	phage_lambda_genome:med		GCCCCGTATTCAGTGTCGCTGATTTGTATTGTCTGAAGTTGTTTTTACGT
14	ILMN_2038771	2510500	low_stringency_hyb	phage_lambda_genome:pm		GCCCCGTATTCAGTGTCGCTGATTTGTATTGTCTGAAGTTGTTTTTACGT
15	ILMN_1343295	4490161	housekeeping	housekeeping	GI_7669491-S	CTTCAACAGCGACACCCACTCCTCCACCTTTGACGCTGGGGCTGGCATTG
16	ILMN_1343052	1450438	cy3_hyb	phage_lambda_genome:low		TCTGTCACTGTCAGGAAAGTGGTAAAACTGCAACTCAATTACTGCAATGC
17	ILMN_1343062	240255	low_stringency_hyb	phage_lambda_genome:mm2		GAAGCATTCAGAGCAAATGAGGCAGCGTTGGTGTAGCACGATAATAATAT
18	ILMN_2038781	5860132	labeling	thrB	thrB	CATATGGAACGGCTCTCAGCGGAGCAGGCCCAACGATTCTCGTCATGACC
19	ILMN_2038775	450292	housekeeping	housekeeping	GI_4507728-S	GAGGAGGGCGAGGACGAGGCTTAAAAACTTCTCAGATCAATCGTGCATCC
20	ILMN_2038770	4010327	cy3_hyb	phage_lambda_genome:high		GAAGCATTCAGAGCAATTGAGGCAGCGTTGGTGAAGCACGATAATAATAT
21	ILMN_2038770	4010327	low_stringency_hyb	phage_lambda_genome:pm		GAAGCATTCAGAGCAATTGAGGCAGCGTTGGTGAAGCACGATAATAATAT
22	ILMN_1343064	3180440	low_stringency_hyb	phage_lambda_genome:mm2		GCCCCGTATTCAGTGTGGCTGATTTGTATTGTCAGAAGTTGTTTTTACGT
23	ILMN_2038776	3940446	housekeeping	housekeeping	GI_4507744-S	CATCGGTCCTTACAGCCGCTCGTCAGACTCCAGCAGCCAAGATGGTGAAG
24	ILMN_1343059	1240647	labeling	thrB	thrB	CTTGTGCCTGAGCTGTCAAAAGTAGAGCACGTCGCCGAGATGAAGGGCGC
25	ILMN_1343914	160414	negative	permuted_negative		AGAAGCGAACGACTCGGTGCACAGTTGCGAGAGAGGTGAATTGCGGCGAG
26	ILMN_1343321	5390750	negative	permuted_negative		TCCCTACTGTAAGCTGGAGGGTAGAATGGGGTCGACGGGGCGCTCTTAAT
27	ILMN_1344038	160278	negative	permuted_negative		CCGCATGCAGATTGTGAGTCTGCGGCGATGTACCGGACGCTCTCGCATTG
28	ILMN_1343841	6550192	negative	permuted_negative		CCTGGTGTCTCTGTCGTCAGGTCCCATCCACAACCTCTTCTTACCCCGAA
29	ILMN_1343835	5290731	negative	permuted_negative		GGGCAAGTTTGCGCAGCTAATGGTCAGGGGGGAGGTACTCTCATGGTCAA
30	ILMN_1344055	5490091	negative	permuted_negative		GAAGGCGATTGTGGGGCTGAAACGGTGGTGTGATAGGCGAAAAGGGGGTG
31	ILMN_1343638	2490575	negative	permuted_negative		GCCTGTAGGGGCGGTTGTGCACCTTGCAAGCAAGTAACCCACCTTCTCCC
32	ILMN_1343872	2260348	negative	permuted_negative		GTTAGCGCGGGGGTATAGTGGGTTGGGGCGCTCTTGTGCACTGAAGCACT
33	ILMN_1343977	7570392	negative	permuted_negative		TTCCTGAAGTGCGCCAAGGTGCCGTCACCGTATCTGATGTGTGGTCTCTG
34	ILMN_1343668	840193	negative	permuted_negative		TCTGCGCGCGCGATTACTGACAATCCGCCGCGACAACACCACCTCCAAAG
35	ILMN_1343553	2190427	negative	permuted_negative		TCCCAGCGGAGCGGTACGCCTGCCTGCCCTAGAGAGTTAAATAGTGGTAA
36	ILMN_1343782	3060193	negative	permuted_negative		GAGTGAGGGGGATTGGATCCTAACGTCCTTGGGTGGGCGTACTTGGCTCA
37	ILMN_1343339	4780100	negative	permuted_negative		ACGTGGCGGTGGTGTCCTTCGGTTTTAGTGCATCTCCGTCCTCTTCCCCT
38	ILMN_1343567	5910142	negative	permuted_negative		CTGTTATCCCCCTGCGGCCTTCACGGTGCCTTTCCCCCCTGTCCTACTAT
39	ILMN_1344056	3360070	negative	permuted_negative		GACGGCTCTTTGGTTAGCCGGGGATCTGGTGACTAACATCACCCTCCCTG
40	ILMN_1343876	4730189	negative	permuted_negative		GGGCATTTTTGCCCTTGGAGTAATGGGGAAGCGACGACGACGGACTGCCC
41	ILMN_1343727	5700037	negative	permuted_negative		AGCCTACCGTTTTTGCCCTCTGAGGTCGTTGCCTGCAGGTCTGCCCTCCA
42	ILMN_1343397	20373	negative	permuted_negative		GTCTGATAGTAGGCTTTGTACAGCTCCCCAAGGATCCAATGATAAACGAG
43	ILMN_1344066	3140470	negative	permuted_negative		CCCACAAGGGTCGGGTGGCAACGCAGAAGTGTAACAAGCTCAGCCAGCAA
44	ILMN_1343400	6100750	negative	permuted_negative		CCCAGTTGGTGCGGGTCAAACCTTGGCCACCCGCTAGGCTCGCTCATAAC
45	ILMN_1343535	1070524	negative	permuted_negative		CTCTCTAAAGAGCGCGGTCTCGACATTCGCCTTGGACTTCGCCCCTCAAC
46	ILMN_1343880	4070221	negative	permuted_negative		GGCCAACCAGTAGGAGACCTTCTCTAGATCCTCTTCCCGGATGACCACGG
47	ILMN_1343925	4760129	negative	permuted_negative		ATTCTGCACCATGGCAAACAACCCACCATAAGGAGCTTACTTGCAAGCTG
48	ILMN_1343679	3180332	negative	permuted_negative		ACGAAAAGGCCTCAAATGGTCGGCCGCTTAGACAACTCCAATGATGATGT
49	ILMN_1343626	7150114	negative	permuted_negative		CATTTTCTGGAGTCCTTGTGCGTGGACTGAAAGCCATTGCGCTGTTGTTT
50	ILMN_1343503	1850243	negative	permuted_negative		ATGGGGCCAGCCAGGGTAACATCCAGTTCGGGAGCAACAATGATGTGAGC
51	ILMN_1343615	4290091	negative	permuted_negative		TGAAGGCCTGCGGTTTAGGGAGCGATTCCAGACTGGTCGTACGGAATGGG
52	ILMN_1343489	1450411	negative	permuted_negative		CACTACGAGCAAACATCTTCTACGTTGGTTGGACAGCCCATGGAAAGGAC
53	ILMN_1343866	1980446	negative	permuted_negative		GCTCTTCCCTCTCGGTAACGCGAAAAGCATAACCGGGTCCCATTGAGCTA
54	ILMN_1343803	5700019	negative	permuted_negative		CGTCCAACTGGAAGCAATCTGTCTTGCAGGCCATCAGATTATTTGGGGCA
55	ILMN_1343859	5820161	negative	permuted_negative		CAGCAGGTTGTGGTGTCCGGGAGCCCGTGCTTGTTTGGCTTTAACATCAC
56	ILMN_1343709	5310092	negative	permuted_negative		GGTACATAACAGCCTAACGACTCCAGCATCTCCAATTAACTAGGGCTGCC
57	ILMN_1343467	870372	negative	permuted_negative		ACTGGGTATTGTAGAATAGGGCCAAAAATAGCGGGCCTGGACCTTGTTAC
58	ILMN_1343297	4670040	negative	permuted_negative		ACTGTAAGAAGACCCAAAGGCACCCTAGCTAGAGCCCTCCCGAGTGGTGG
59	ILMN_1343554	4230025	negative	permuted_negative		AATAGGCTAATCGCCATGCTTCCTGCCACTGATGTGCTAAATAACTGCAC
60	ILMN_1343439	2370066	negative	permuted_negative		ACTAATAACTCGGCTGCATGCTGTTAAGAGACGGGTGGGGCGCACTGGTG
61	ILMN_1343740	1230703	negative	permuted_negative		TGGAGGATCAGGGCGATGTGAATGGCTCGTGCGAAGGCGTACCTTGGATC
62	ILMN_1343585	2260750	negative	permuted_negative		CACAACACTCCACGCGAGTCCCTCTTTGTATGGGCAAAGTGCTGTTCTAT
63	ILMN_1343592	7610243	negative	permuted_negative		AGCTCCGCCCGGCAGAAGGCACTAAGGACCTGCACGATAGAGTAAGCACA
64	ILMN_1344058	1710747	negative	permuted_negative		GTGTGCGTATGACTGTGGCCTTATGGCTCCTCTGCGAGGCATGTCCCCTT
65	ILMN_1344014	5310133	negative	permuted_negative		CACTCTAGCGTAGACGGAAGTATTGATGGTTGGGCTGCGGGCTTACTCCC
66	ILMN_1343967	430008	negative	permuted_negative		CACGGGACAATGCCTAATTTCTGTACATCTACCTCAGTCCCTTTTTTCTG
67	ILMN_1343482	6220661	negative	permuted_negative		ATCGGTAGCGGCTGTCACCCGACGAGGCTAAGCTGGACCTTACAATATCC
68	ILMN_1343645	6400050	negative	permuted_negative		CCTCCATGGGTGCTTTTGGCTACCAGGAGTTCGCGCGGTATGCTGTAAGG
69	ILMN_1343565	3390632	negative	permuted_negative		AGCCCTGCTGCTACCGGCTTCTCGCAGCTTTGCCGAGTGTTGAACTGTCT
70	ILMN_1343613	2850369	negative	permuted_negative		GAGGGGCCTTACCCGCTCCCAGATCCCAGAAATCCACAATCACCACCTAG
71	ILMN_1343717	2320491	negative	permuted_negative		GAGCAGAATTCCGATGTGGCCGCGAGCTGGGACTGTTGGATATGACAGGG
72	ILMN_1343653	5050398	negative	permuted_negative		ACGTTAACTCCATGCTTCCCACCGCTTACAGGTACAGACCCCCTGCAAGC
73	ILMN_1343481	6550161	negative	permuted_negative		AGAGTCCTACCCTGACAGGACCCTCACTTCTCTACTAGTAACCCGCCAGG
74	ILMN_1343670	1450706	negative	permuted_negative		GGGCTAGGGGAGATGGTGTTCCCAATATCGCGAGGAACCGCACTGCTAAC
75	ILMN_1343422	5890671	negative	permuted_negative		CTCTCTCACTCGCCTCCCATGGCTCGTGTTCTGTGCAATTGATTCCCCTA
76	ILMN_1343324	3830338	negative	permuted_negative		CTCGGCCGGACGATGAACTGCCCTCCCTCTAGAGATGTAAAGGGTTTGGG
77	ILMN_1343636	430167	negative	permuted_negative		CTTCCCGTGACCAGAAAGGTCCTCCTCCTTGACTGTCCGCTATGGTAGGG
78	ILMN_1343545	4610037	negative	permuted_negative		AGGCCCTGTCCCGGGTATCGACCCTCATCATTACCACTCTTGCACACACA
79	ILMN_1343347	3610463	negative	permuted_negative		GGCAGCCGTTGGATCAGGACTGCTTTGGGGACGGCAGGTGTAATAGTCTT
80	ILMN_1344035	6480008	negative	permuted_negative		GTATCCTGGAACGAAGATTACTCGCTGGCAGTGTGAGTGTTGCGCGGGAC
81	ILMN_1343921	1770241	negative	permuted_negative		GGCCTGAGTCCTGATCTCGGTACATATGTCTCAAACCCGCCAAAAAGGGT
82	ILMN_1343333	3190368	negative	permuted_negative		GAGCCTGTGCTTTATCACTACAAGTCGTCGACGGGCGAGTGGCTCGGCCC
83	ILMN_1343980	7510348	negative	permuted_negative		TGCTAACCCTTTCCCCTGGTCCCCTTCCCTTCATGATTCCTGCACACTGG
84	ILMN_1343461	3780634	negative	permuted_negative		GGCGTGTGTGCAGTAATTGTAGGGAGCTGGTGGGCAAGGAATCAGCTAGG
85	ILMN_1343451	7320136	negative	permuted_negative		AGCAACTCTTTGTGTACCCCTCCCTGCTATCCGTGATCTGGCCATTTTCC
86	ILMN_1343327	4230687	negative	permuted_negative		CCTGCGTATGATACATGTCCCAACCACCCGAGCTTTCACTCCTGGCGGAT
87	ILMN_1343631	3370154	negative	permuted_negative		ACCTGTTGTATGAGTGGTTTGGGGGCGTTGGATCAGAGATGTAGTGGAGT
88	ILMN_1344057	1190286	negative	permuted_negative		CGGACTAAGGAGGACGGTATTACTACGCCGGAATGGACGGAGAAGGTGGT
89	ILMN_1343943	4290681	negative	permuted_negative		CCATTTGTGTCTCTCGAACACGTTTCCTCCGGCTTGGCCCATCCCCCGGC
90	ILMN_1343528	6590639	negative	permuted_negative		CCTCAGATAAGAGGTTAAACACCTGCAGACCCGAACTGAACCTACAAAAC
91	ILMN_1343304	2900575	negative	permuted_negative		TGGTTCGGCTTTCAGCAGGCTTGCCTTATTCTGACTTGCCTTCCCAACCC
92	ILMN_1343924	1740164	negative	permuted_negative		TCTTTCCACAACAGTAGAATTTGTCCCCTGACGCTTGGAGCCCCGCAAAC
93	ILMN_1344033	7150626	negative	permuted_negative		GGACTCTCTCCTAGACTCCACCACGCACCATTCACCCTACCATCGCTGTA
94	ILMN_1343303	3610711	negative	permuted_negative		GGAGCCGATAGATATGGGGCCGACCTGGGCCGGAAACATAGAGCGATACT
95	ILMN_1343517	4070162	negative	permuted_negative		TCTGCCACATGGGCCGCTCACATCAAGGTATGGGGTATACTGTGCAGTTA
96	ILMN_1343685	5670356	negative	permuted_negative		AGAAGTACTACCCCTACCGTCGCTCATTGCGTGTAACCGAGTCAACAAGG
97	ILMN_1343858	730243	negative	permuted_negative		ACAGAGCATCTGCGTAACGGCGGGAAGAGCAGGAAAGGTTAATCCAATCT
98	ILMN_1343972	6770671	negative	permuted_negative		TTGGGTGCTTCTCCTTTTGTTAGAGGTCTACACTCAAGCCTTGCGCCGGA
99	ILMN_1343525	6250113	negative	permuted_negative		TCCTGTGAACTCTAGGTTTGTCGAAGGTAAAACCTGAAGCTGGGGTGTCC
100	ILMN_1343699	5720114	negative	permuted_negative		GTATGGTGGCACGAAGGGATTTGAGGACCCGTCAGTTATTGGACTGGATT
101	ILMN_1343693	5220209	negative	permuted_negative		ATCTGGCTTGGCGACTATAGCGCGACTGCAGTTGGTCTGGGCGGTAACTG
102	ILMN_1343580	460551	negative	permuted_negative		TCTAGGAGCACAGATGATCCACGACTCGACAGGGCGCTAAATGCGCACGG
103	ILMN_1343805	1110719	negative	permuted_negative		AACTGGTCCGGAAACACCTCTCGGACAGTAAGGCTCATGGCCAATGCGGG
104	ILMN_1343483	1990523	negative	permuted_negative		GTTCAACATCTGCATCACAACCGCTCTCCCTAATCACCTTGCTCTCCTCT
105	ILMN_1343823	3850669	negative	permuted_negative		TCGGCCTGTGGGGCTAATGCCAGTTAACGTCTTCCTCTCTTGAACTTAAC
106	ILMN_1343533	3460561	negative	permuted_negative		GAGGTTCCTGGTTTGTGAAACGCAAGTGATGATGACGTACGGCTAAAGCT
107	ILMN_1343939	3610754	negative	permuted_negative		TGTAAACAGTTTGAAGCCCTTAGACTCCCAAATCGAGTAACTTTGGGGAG
108	ILMN_1344006	770274	negative	permuted_negative		GGAAATTGTACACCGCGGCGTCACGCGGGAGAAAGTTAGTGCAGTGCCAG
109	ILMN_1343534	5910132	negative	permuted_negative		TGGCCAGGTCATGAGTTCTGGGGGACGTAGGTGGGAAAAGATCTAGACCA
110	ILMN_1343698	4610474	negative	permuted_negative		GAACGGAAGCTTAGGCAGCTGCGATTGTAAGGGTCTCAGAGCCATGCCCG
111	ILMN_1343830	2100445	negative	permuted_negative		GAGTGAAGAGCAAATCAGGGGTGTTAATGGCCGTGGGAATACTTGGTTGC
112	ILMN_1343931	6560424	negative	permuted_negative		CCCCTCGGGATTGATTGACATTCAGCGGAGGCGGACATTTGGGGAGAACC
113	ILMN_1343735	4230014	negative	permuted_negative		TCTGCTATCGTGGTGTGGTTGACGTTTGCCAGAGAAGGTACTTTCACCTG
114	ILMN_1343913	6660608	negative	permuted_negative		AACATGGCCCACGGAGTGATTAGGTGTTCGGGTAGCTGCCAAGGTCTATG
115	ILMN_1343550	1580367	negative	permuted_negative		TGAGGCCCAATTTTCGAGGTGCCTCTCCGGAAAACCTGAATTCCATGTGG
116	ILMN_1343961	6130360	negative	permuted_negative		AACATGGCAGATGGGACCGATGAACAGGGCTACCATACGCTACACCCTGG
117	ILMN_1343731	1580369	negative	permuted_negative		CTATTCCCCCCATGCCCACCAAGGTCCTTACTTCTTCCCTGACCATCAGA
118	ILMN_1343346	2000053	negative	permuted_negative		GACTTAATCAGTGTGAGACCCCCGTCCCCGTAAGAAGTATCGCCGAAGTA
119	ILMN_1343323	4730446	negative	permuted_negative		TGGCGACTCGTTGGCGACTCAATCTCAGCGGCCTGCTACAATCCCACTTC
120	ILMN_1343885	1470278	negative	permuted_negative		CTCGGTTGGTTCCAGTCCGCTGTCATCTGCATTGCCGTCTGTCCCACAGT
121	ILMN_1344019	4290086	negative	permuted_negative		TCACTGAGGTGTGCATGTACTGGGAGCATTGGTATCTACCATCGAATTAG
122	ILMN_1343994	160647	negative	permuted_negative		GGTTATCCATTTCCACTGGCCAGAGACACACATCGAGATGCAGCCCCTGT
123	ILMN_1344040	2480059	negative	permuted_negative		CACGGTTCAGATCCCTCTGAGAAACTGGCACTCCTACACTTCTCACTGGG
124	ILMN_1343686	830450	negative	permuted_negative		TGTAAACGGCATGACGCGCTCACCATCACAGATCAACCAACTTTGGCAAG
125	ILMN_1343753	1430139	negative	permuted_negative		GGTCTCTGACTGTTTTGTTATCCAGTCCCCATTGAGCCGCCTGTAGGGGC
126	ILMN_1343900	3610025	negative	permuted_negative		ACCGCGAATGAAACCATACCTGGCTCTCCTTTAACGGGCTGTTGCTTCCT
127	ILMN_1343883	6110021	negative	permuted_negative		CGAGTGAGTTGCAGACCAGATCAGAACACGTACGAGATGGAGGGTGCAGG
128	ILMN_1343361	5670414	negative	permuted_negative		CCTTGGTAGTAGTGAAGACTCGCAGATGCCCGAACGGACAACCCTGATCC
129	ILMN_1343314	1340044	negative	permuted_negative		ATCGTGGAGGGGCCCAGTTAACCCCCTCTAGGTTTCTTTGGGGCTCAACA
130	ILMN_1343614	6760139	negative	permuted_negative		CTGCTCCTCACCAACGTGCAGCCTTTGAGTCTGACGGGCACGCCCCTATC
131	ILMN_1343829	1430554	negative	permuted_negative		GCCACAAGTTGCGCACAGGCCAGGGTCTAGCACTGTTTATAAGCATTCAG
132	ILMN_1343572	1430592	negative	permuted_negative		CAGCCCCAGAGGTGGCCTAAACCTACACAAGGAGCGTGCCTTTCCAGATG
133	ILMN_1343446	6510470	negative	permuted_negative		CCTCCAATGTCGAGAGTTACATGAGTGTCCCGTCATCGAGATCCCTGACG
134	ILMN_1343703	5360474	negative	permuted_negative		ATGAGACCGAGAAAGGAGCACGACCCAGGGCCCGTAACTGAGGCGCCAGG
135	ILMN_1343660	2450066	negative	permuted_negative		TCTAGCCTTCTCGAGTGTAGCGCGGCTGTTGCGGGAGGTTTTAAGTTTCA
136	ILMN_1344020	60709	negative	permuted_negative		TGGACCGCCAGAACTTAAAGGGCCAGCGAAGTGTGAAATCCCGAGGAAAC
137	ILMN_1343936	1440184	negative	permuted_negative		ACATTGGTTGCTCGCCCGCCACAGTTTGGACCGCTCGCTTAACTGAGCAC
138	ILMN_1343549	4780309	negative	permuted_negative		GATTGGAAACTCTAAGATGCGCCCGGTAGTATGGCCGGAAATTCGGAACG
139	ILMN_1343544	3930242	negative	permuted_negative		TCCACATGCTGAACCTTCTGGATCTCCTGTCTGGCTGCGGCAGGCTCTCC
140	ILMN_1343421	4920598	negative	permuted_negative		GGATAACCAACTCCTCCCAAAACTATTCATCCGTCGGTACCTTGTTTGCA
141	ILMN_1343706	6250600	negative	permuted_negative		CCCATACCTGCAACGTTTCCCGTGAGACCGTCCTAAGCCCTGTGCACCTT
142	ILMN_1343476	1500022	negative	permuted_negative		TTCAAAGTGTATTATAGGGAAGCTATGCCGGGATGGCCTACATGTGGTAG
143	ILMN_1343386	6040184	negative	permuted_negative		TGGGGATAGGCGCCCGGTTTTCAGTTACTATAGTCGGTAACAGCAAGGTT
144	ILMN_1343798	3890064	negative	permuted_negative		CTCTTGGAGCAGTGATCCGTCGCGGGGAGGTTAGAAGACCTTGCTGTCGG
145	ILMN_1344063	2070692	negative	permuted_negative		ACCGTACCGGTTACCGACAGGGCAAGTATGCTCGTTTTGAAAGAGTAAGT
146	ILMN_1343371	1740039	negative	permuted_negative		ACATCTATCAAGGTTAGGGGGGCAACCTTTGATCACCAATCGATCTCGCA
147	ILMN_1343714	3460397	negative	permuted_negative		GGGTTGGTGTGACCGGCGTAGCTAAAGGGAGGAATGCGCGTTGATGCCCT
148	ILMN_1343420	5560598	negative	permuted_negative		ATCCCCCAAACCTATAGTTTCCCGCCGTCGCCTGTAGCGCCGACTGTTCT
149	ILMN_1343770	4830411	negative	permuted_negative		GAGGGGTATTCCAACGTCATTCCGCTGCCTCATTTTAGCTGTCTTTTACC
150	ILMN_1343518	1110673	negative	permuted_negative		TCACTTTCCGCTAGATTCCCAAGCTTTCCAGGCCACCGAAGTTATCCGCG
151	ILMN_1343409	3370228	negative	permuted_negative		TCCGGTGCAATAACGGGAGGAAGACTAGGCCTGTGGCATCTTTATGCACG
152	ILMN_1343785	1940594	negative	permuted_negative		GTCGGACAGCAGCCGGCACTTGCACCGCCTTTTATCAAGGTGGCATCTTT
153	ILMN_1343330	2360451	negative	permuted_negative		CCTCTGTAGGTTGGGTATTGGTGTCCGCATGGAGCGGTCAAGGGCTCATG
154	ILMN_1343942	6760114	negative	permuted_negative		CTGGAAGCCATAGTGTGGGCCTTCCCACCTTAACACTTTGAACGGGACTG
155	ILMN_1343599	5550138	negative	permuted_negative		GGGGCCTCGTCGCATGGGCACTATACGGTAATGGAGGATTCGCGGAGGGC
156	ILMN_1343308	1940653	negative	permuted_negative		CCTTGACTGGGTTGCGCCTTCGGGCTGGCATAATTCACTCCTAATCCTGG
157	ILMN_1343944	60750	negative	permuted_negative		AGCGGCGTGTCCTCCGACGCTCACACAAGTCGTCCGCTGATACGGATAAG
158	ILMN_1343804	5490369	negative	permuted_negative		CCCAGCTCACTGAGGCCTCCGACGTCCCAATGTTATGCTCCGTGACAAAG
159	ILMN_1343899	2000348	negative	permuted_negative		TGTGAACAACTTGCGACCTTAAACTAGCCCCCTCACTTGCGAGGCACTCC
160	ILMN_1343678	2120647	negative	permuted_negative		GGTCTTCCCCCTGCGGATTAAGCCCTTTCGGTTGCATGTAGTTGGTTTGG
161	ILMN_1343773	5960026	negative	permuted_negative		GTTCCCGACTTTGGACTATTCCCATAAATGGCGAGCTGCAACCCTTCCCT
162	ILMN_1343506	5910673	negative	permuted_negative		GTCTCACTCGTTGCCAAATTGCCCCTCATCCAATCCAGTCCAGTACCCAT
163	ILMN_1343906	6620025	negative	permuted_negative		TGATCCGCCCACTGGTGCCCAACGACTGAGACTAGTATTCTAAAGCAAGC
164	ILMN_1343563	4260070	negative	permuted_negative		ACAACCAGGAGTACGCACACAACGGCAGAACCCCTCACCGGTCTCGTTCA
165	ILMN_1343762	6650349	negative	permuted_negative		TATGTCATGAGTCCCTCTGATTCATTTCTCGCTCCCTATCCTCCAGTGCC
166	ILMN_1343342	4200242	negative	permuted_negative		GAGTATACGTAGTCTCTGATCGTTGTGCACTGACCCACACCGAAATCGAG
167	ILMN_1343442	5360017	negative	permuted_negative		GAGCGTAATTGAGCACAGCAATAAGCGCTTGGCCCCTACGGGACGACAGC
168	ILMN_1343746	3390112	negative	permuted_negative		ATCATAATGGTGTCCACTAGCCCTTTCATGTCAGGAGTTTCACCCTAGCG
169	ILMN_1343523	1660189	negative	permuted_negative		GGAGACGCTAAGTGATGCCTCGCCCAGTACTAACCCAGTGACCCGCCATA
170	ILMN_1343721	4120270	negative	permuted_negative		CCCCAGATGAAAGTATACCGCGCCCCAAGTGCGTGATCGAAGGTGGTGAC
171	ILMN_1343447	7560630	negative	permuted_negative		GTGGTAGTCGCCTCACCCGAAGGCAACTTGAGACCGTACTAAAACAGTCT
172	ILMN_1343851	6280575	negative	permuted_negative		CACAATTCCGGTGAGCTTGGACAGGACTAGGGTCACTGCGTCCAGCTGTC
173	ILMN_1343527	290338	negative	permuted_negative		GTGCCCTACTACGCTACCTACAGGTCATCCTGACTCACTTCACCATTACC
174	ILMN_1343919	6270519	negative	permuted_negative		TCGGGCACACTTAGCGGGACATACTAAGCCACCCTACACTCCACACCAGC
175	ILMN_1343539	2650563	negative	permuted_negative		GCCCAGGGGGATCTTTGTCTCGCCCCTTTAGTCTCCCTTTAGGGAAAGAC
176	ILMN_1343812	6380400	negative	permuted_negative		GGACCTCCCGTCGCAACGGCCTGAGTACACCATCCTTAATAAGCAAAAAA
177	ILMN_1343336	6450113	negative	permuted_negative		CCATTGCTGAGACCGGAGGGGCAATGTGCAGAGCCGTTAGTAGGCACGTT
178	ILMN_1343655	2490040	negative	permuted_negative		AAATCACTAAGCAAGCGCCCAGGCCTCAATGAATGAACCGCACGGAGCTG
179	ILMN_1343674	1240044	negative	permuted_negative		GGAAATGCTACAGCTTGATGGTGAGTAGCACTAGAAGCGAAATGAGAGAC
180	ILMN_1343673	7320768	negative	permuted_negative		TTGTTGTTACCTGCCCTGCTATCCTTCTGGTACTGTTATTCCTAGCTTCT
181	ILMN_1343521	2230673	negative	permuted_negative		TGGCCAGAAAGATTCCCCGTCCCGTGGTCCTCCCGTCCATGAGTCATAGT
182	ILMN_1343950	1740228	negative	permuted_negative		TGACACAGGTCCACCACAACAGACTGCGTCAGCCGAATCAGGGGAGCCAT
183	ILMN_1344051	5890719	negative	permuted_negative		GTGAAGAACCCCGCCTACACCCAACCCAGTTAAACGAGACCAACCAGTTC
184	ILMN_1343395	630435	negative	permuted_negative		GGCGTTCTGGTTCCCACCTAGGGCTGGTTAAAGTACTTGACATACCGTGG
185	ILMN_1343894	4670678	negative	permuted_negative		GCCTGAGGAACTGTTCAGAAGGTAAGACTAGAGATGGACCACCCTCACCC
186	ILMN_1343748	2710437	negative	permuted_negative		GAGTGGGTCCAGACCATTGTACACTAATTCTCCTGTTGGGCTTTACCGAA
187	ILMN_1343989	6660093	negative	permuted_negative		AATTTGCGCGACGGTGTGAATAGCAGCACACTGTTGGCTCCGGTCGATCA
188	ILMN_1343663	6220692	negative	permuted_negative		CCCAGACGCCGTACCTTCGAGAGTACAGTACCTGTGTTGGACAGTTCGGC
189	ILMN_1343992	5080731	negative	permuted_negative		CAAATCTTTAGCGGGCACTGGGGGAGTGGAGAAAATATGTCGGCGAGCTG
190	ILMN_1343884	4560278	negative	permuted_negative		TTAACCGTCAGCCGGGACCTTGGTGTACATTATGCGGCTCAATCAGGTGT
191	ILMN_1343620	630037	negative	permuted_negative		CACTTTAGCCCCGCTGCATTTACCCAAGCGCCACTATACCCTTTCACCGC
192	ILMN_1343869	3120446	negative	permuted_negative		CCACCTTCCCCCGCCGGTAGGCAGACTGAGTTAGGAAACCACATTCTAGG
193	ILMN_1343469	6100286	negative	permuted_negative		TCCCCCGGCTTCCGAACTCTTCCTTGAACTACACTGGAAAAGGCGAATCC
194	ILMN_1343790	1980754	negative	permuted_negative		TGCGTCGATTGAGCGTCACTTAGGACTTGGAGGCTCTTTCACATTGGGCC
195	ILMN_1343367	3290608	negative	permuted_negative		CCAACTTGAACACTCAGCTACCCCCACGAGGCCGCATACCCTGAATGAAG
196	ILMN_1343845	520411	negative	permuted_negative		GCCTCCCGTTCGGCCCATCCTTATCGGCTGGAGATGTCCGATTACTTCCA
197	ILMN_1343861	1940730	negative	permuted_negative		GTGGCCATGTTGCATCCTAGTTCGAAGAGAAGCCAATAATCAGCGCCCTG
198	ILMN_1343766	2260564	negative	permuted_negative		ATGAAGGGAGAGCACGACCGTGAAGCGAAACAGGCGTGCAGACGAACTCG
199	ILMN_1343734	2760707	negative	permuted_negative		GCACCAAGAAACGAGTTCCAACCCCGAGTCACCCTCTCTGACAGCCCAAG
200	ILMN_1344030	4060154	negative	permuted_negative		TGTCCCACTCAACTGGTGACTGCGCATGGGACTATATGTTTCAGGGCAGG
201	ILMN_1343485	540445	negative	permuted_negative		CAAAGGCCTGTGTGGAACCATGGGAGCATGTGCAGTCGTCGCTGGCTCTT
202	ILMN_1343932	3130424	negative	permuted_negative		CAGATGTCAGCTTTGACCGATGTACTCTGCAAGATAAGCACAACCCCTCT
203	ILMN_1343833	1580615	negative	permuted_negative		GGGGACTTCGGACTTGTCTGCTCAACACCAATCTGCACGGCAATACAGAG
204	ILMN_1343374	4810551	negative	permuted_negative		GATGCTAGACACTGGATAGCGTGGGTGGGGAATCGGTGCAAGAGCAAACC
205	ILMN_1343305	730201	negative	permuted_negative		GCCAGAATTGGGAGAGGATGAACACAGGATGTAACGGCAAGGGTCGCAAG
206	ILMN_1343969	3800192	negative	permuted_negative		CCCAATCAGGCACGGCAATCACCAGTAGAGGATGTGAAACTGAGCAAGGG
207	ILMN_1343902	5550309	negative	permuted_negative		CCTGAACAGGGCCGTGGATGGACTTTGGCAAACTGGGACGAAGTCAGCAA
208	ILMN_1343604	1940398	negative	permuted_negative		CTGTCACTGCTCAGACCCCGGCGTAGGTCCGGTAGATCTGCCATAAAAGC
209	ILMN_1343856	7200653	negative	permuted_negative		CCCCAGGGTTAAGCGAGCCACCCTCTTTAACACCATCCCCATAATAGTAC
210	ILMN_1343780	7200201	negative	permuted_negative		TACAGATACACCGTCGTGATTGCTGGACACAGGACCAGAGCCTAACCCTG
211	ILMN_1343332	1470563	negative	permuted_negative		TTCTGTCTCACAGCTGACGTTCCTGGCCCGCATACCAGCAACAGATGAAA
212	ILMN_1343918	4860519	negative	permuted_negative		TCCTAAGGACAACATCCATCTAAACAAGGCAGACCTCCGATACAAGTGAA
213	ILMN_1343890	1400242	negative	permuted_negative		TCAGGAAAATGACCCTTCATAGGAAAAGACCCCATACCCCACTCTCTGGG
214	ILMN_1343857	2900273	negative	permuted_negative		CTGTCCGATCGTAGGTGTTTACATGCGGTGTTGCCGCTAGCCCCTGTCCC
215	ILMN_1344015	6040133	negative	permuted_negative		CATGCCGATCCGTACTGAGCCCTCGCAGGAAGGAACTTTGCTCCAGCAGG
216	ILMN_1343311	940273	negative	permuted_negative		GGCTATGCTCCCCATTAAGGCAGGCCCCCGACACAATTGCACCTTCTTGC
217	ILMN_1343404	7150544	negative	permuted_negative		TGAGGAGTGAGAGGCGGAAGGATAGCACATCGCCAAGAAGTGGAGATATG
218	ILMN_1343677	240739	negative	permuted_negative		CTGCCAACTAGTCATGGCGACTGGAGCAAGGTGATCTCGGACCGCCACTA
219	ILMN_1343666	540470	negative	permuted_negative		CAGACTAAATTCTCAGAGCTTACGGACACCCTTATACCTTAGCTAACTTG
220	ILMN_1343649	770059	negative	permuted_negative		CGGATATACCTAGCCGTGGCCATCCCAACGCATCCGTCTGTTGCAATCCC
221	ILMN_1343637	1980504	negative	permuted_negative		TCCCCCGTAGAAGACTAAAAGTCGGCCCCGATGTGGTGTGTTGCCTGTTC
222	ILMN_1343718	70204	negative	permuted_negative		GACCACTATAAACCGGCTGACGGAGTAGACCTAAGCTGAGACGAAGCCTT
223	ILMN_1343543	2190678	negative	permuted_negative		TTACTCCCAAACCTTTGAACATGCGCCTCAAGCCCGGAGCTCTGCAAAGA
224	ILMN_1343912	990039	negative	permuted_negative		TCCAAGGTCCAGTCCCGTCGCGGGGAATGTATTCGGGCTTCTTCATTGGA
225	ILMN_1343923	6020187	negative	permuted_negative		AAGCCACGCGGGCAGTTATTCTGCCCTAGGCCATGTGTAGTACCCCTACT
226	ILMN_1343908	6840193	negative	permuted_negative		GGGATGTGCGGCGCAACTTGTTCGTGTTCTGATCTAAAGGCCTGCACACA
227	ILMN_1343516	2340064	negative	permuted_negative		TTTTGCGAATGCGACGCCCTCCATTGTTGAGGTCCACATTGATGTTCCAT
228	ILMN_1343341	4670047	negative	permuted_negative		ATTGTGAAACCTTGCAGGCCAACTGTAAGCTACATCCTACCGACCAGCTC
229	ILMN_1343570	2140632	negative	permuted_negative		GAAGCACATGCCGGATGCCACCCAGCTGAGAAGCTAGTAAAAACGCTTGG
230	ILMN_1343385	5310184	negative	permuted_negative		AGGAGACTGCAAGACATGCTGTTTAACCCCCCAAGTGAAGCTGACGTACT
231	ILMN_1343455	240180	negative	permuted_negative		GCCGACTTCGGCATGGAGAAGCAATCATCCTGGCCCCGACCCGCAACGTG
232	ILMN_1343715	2690195	negative	permuted_negative		TTCATGCACCCAAGCCAGGGTTTGTTCCCGCCATAGAGGCCCTTCCCAGT
233	ILMN_1343449	6330630	negative	permuted_negative		CAAGAGGTCCAACCCAGGCATTGTCCCAACTCCGGTGGTATGCTAGCCAG
234	ILMN_1343433	2490286	negative	permuted_negative		TTCCCCATGAGCGTGGTCGGATCCCTTTCCTACCATGCACGCTTTTTTCC
235	ILMN_1343519	4010717	negative	permuted_negative		ACACAGGCCGTACTGGAGGTCTTCTGAAACGGGGCTCTTGCGCAGCATTT
236	ILMN_1343513	6370730	negative	permuted_negative		TCCCCCACCACAGGTGCCAGGAAAAGCCCACAAGACGTACGAGCCTCATA
237	ILMN_1343988	3370017	negative	permuted_negative		ATGCTGTCCCTCCAGCACAAGTATCCAGGAAGGGCACTATAGCCGGCCAC
238	ILMN_1343505	830243	negative	permuted_negative		CCCATCTACCCCCTCGGGACCTCGAAAGACAAGATGCGGTTCAAAGTCCA
239	ILMN_1344018	6760228	negative	permuted_negative		TTCGACGAAGCCGCTAGGGAACCCAGAGTGAGTGGAGTCGACAAAAGATC
240	ILMN_1344027	620743	negative	permuted_negative		GCTAGATCAGGACAACCTAGCTATCCCGTCGACATCCCCCTTACGGGGTC
241	ILMN_1343643	4920050	negative	permuted_negative		AGCCCTACTACTCCATCGACCACGCGACACCTTGACCAACCTGAACTACA
242	ILMN_1343579	5420632	negative	permuted_negative		ATGACGAGGGCAGATAACTTGTCGTAGGACCGAGGGACGACAATGTAGCG
243	ILMN_1343772	5870347	negative	permuted_negative		CATGATCTTCCCCACCGCACTTGAATGGCCTAAGCGAGCATCTACTCCTC
244	ILMN_1343905	7040367	negative	permuted_negative		CAACTTCACCGACCACCATAGGGGGTCTACGCTGAATTAGGCGCGAGCGA
245	ILMN_1343755	2940523	negative	permuted_negative		TACACACAGCTGACCTTTGAAAGTTGGGTGACGTGGGATTGCGAAGGAAC
246	ILMN_1343354	6650403	negative	permuted_negative		GGGATGCACGCCAAGCTCAGGTCCCCTGACTCGATAGGGTGAGAAGGACA
247	ILMN_1343838	6650494	negative	permuted_negative		AATGTGAATGGAGACGACCTTGGTGATCTACTTACCAAAGATGGGGAGTT
248	ILMN_1343610	1050296	negative	permuted_negative		TGTGTCTTACTTGACTTTTGTGCTTGATGAGTGGATCGGGCGGCGGGCAG
249	ILMN_1343360	6660367	negative	permuted_negative		CAAGAAAGGATACGCAGCCAGCGAGTGAACAGCGCAGGCTAATCCATCGG
250	ILMN_1343375	5720164	negative	permuted_negative		TCCGGTGGAATGTGTACATAAGCTTGCATGAACCCCCCGCTCATAGGGGC
251	ILMN_1343909	1510097	negative	permuted_negative		GTCGGTGACTGTTGCTGCACCCAAGCCGTACCTTCCTGTCTACCTGCTAC
252	ILMN_1343640	4210475	negative	permuted_negative		GGACGCGGAGAGAATTGAGGCATGACCGAACCGGCGAGCGGCAGGTAGAA
253	ILMN_1343759	6420445	negative	permuted_negative		GGTTGCTGTCTTGTTCGCGAATTATCGGAGCAGCCGCCCTTAACCCCTAG
254	ILMN_1343531	130113	negative	permuted_negative		TTGGGCTTGCCCGTCTTTGTCGGGGGCATCTGGGTTCTATTGCTGGTTCA
255	ILMN_1343794	4890524	negative	permuted_negative		AGCAGCGACTGCGTGAACTGCTGACGGGCATGTCCCAGGCAAATAGATAG
256	ILMN_1344007	6560685	negative	permuted_negative		ATCAGAACCCTGAACCGATCAGCCCAATGAGCCGACCAGGAAGGACCCCT
257	ILMN_1344037	6130167	negative	permuted_negative		GCCGCTGCATGACACGTGTTTCTCCAGTCCGGGCTATCCTAGGCGTCGAT
258	ILMN_1344052	6400692	negative	permuted_negative		TACTACCCCCTGGCGTTCGAGACCGGTCCAACAAGTTCGCCATTCTCTGG
259	ILMN_1343922	2970035	negative	permuted_negative		CAAAAGAGAGAGCCGCAGTCTAAGAGAGCATGGCACCCGCTAAGAGTGTG
260	ILMN_1343769	520026	negative	permuted_negative		GAGTTTCGGGGACCTGGTCGTTAGCCTAGGGTTCTCACGGCGCATGGTCA
261	ILMN_1343399	110224	negative	permuted_negative		AGTTACTCACAACTGCGTTCCCCCACGGCCTATGTTACGAGTCCCATTGG
262	ILMN_1343816	1230400	negative	permuted_negative		AGAGGCTTGAGACACGTGGCATGCTAAAATTGGAATTGATAGTAAGTATG
263	ILMN_1344053	3840014	negative	permuted_negative		AGGACGGAGCTCTGCCCCAGCAACTGTGATGCTCGCTGTCGGCATTCTCG
264	ILMN_1343309	780653	negative	permuted_negative		CTCCAGAAACAAGCCACTGACGCGTAACCGAACATTCCTACGTGCTGGGA
265	ILMN_1343440	6550128	negative	permuted_negative		GACCCTGAGTCCTCAAGATGCCCAATCCAGGTCAGTTTGCAAGTTTGCCG
266	ILMN_1343767	3310072	negative	permuted_negative		TCGGGGACTACGACTAAAGAGTCGCGGGGAGTTTGACCAGCAACCACCAC
267	ILMN_1343959	6480324	negative	permuted_negative		GAGATCGGTAGTGTGCAGGTTAGCTGGGAGTCAGATTGCCGATATCTTTA
268	ILMN_1343595	2470544	negative	permuted_negative		ACTACGAGGGGGCGCATCGTTGGAGACACTCAAAGCATACATTCCAGGAG
269	ILMN_1344012	1440156	negative	permuted_negative		TTCCAATGACCTGGCTTCGGTTTCGAGAAGCTACTGACCCGCTGTCCCCG
270	ILMN_1343628	6480296	negative	permuted_negative		GAGGTCGGCACTCCAGTCGGCCCTGATTTGCACTCCCAATGTTTTAAGCT
271	ILMN_1343682	6860332	negative	permuted_negative		TCCTCTTGCGGGCCCACGGGGTACTGTGTAGTGCTATTCGCTCCTCCATA
272	ILMN_1343879	4040593	negative	permuted_negative		CTGTCTCGAATTACCCGCATAGCGCGCTGTCCAAGCCTGTGTGTCTCATC
273	ILMN_1343562	840184	negative	permuted_negative		TGTACACCCTTTCACCCGCCTAAGTCAGCTCCCCGGTCGTCTGTCGTGTT
274	ILMN_1343852	2470239	negative	permuted_negative		CAAACATCCGATCGCGAACCAAGGAACGTCGAGAAGTTAGCCCTGACCCA
275	ILMN_1343443	3310612	negative	permuted_negative		ACGCCATGTGGTATCGGCGAGTAAGGGCTTGGCAACGGGGCGAAAGCGTT
276	ILMN_1343450	4540136	negative	permuted_negative		CTCGAGTTCGGCGCTTCCTCCTCGATCACCTCATTACGATCAGCATTAGG
277	ILMN_1343742	270400	negative	permuted_negative		GAGAGACCTGTAGCATCCTTGGGACATTCCATCCCGTAGACCCTGTTGCT
278	ILMN_1343477	3870468	negative	permuted_negative		CAATTAGGACTAGGCAGCACCAGATTAGAAGCGGACGCCGGGTTAACGAG
279	ILMN_1344022	3990114	negative	permuted_negative		AGACACCCTGTCCGGCACTCCCACTAATTGTTTCGAGCAGGTCGAGCCTT
280	ILMN_1343406	1400164	negative	permuted_negative		TGAGGAAGCAGATGGTAGAGCCGAGCCCCCTCATGAGTCCAAAAGGGCCT
281	ILMN_1343542	7100102	negative	permuted_negative		AACTGTCCTGTCGAGGGACCTTGCTTCTGGATCTAGCCCCAACGTGGACC
282	ILMN_1343349	5550168	negative	permuted_negative		TTATTTATCCCCCTCAGGGATAGCAAATTAACTCCTGGGCGTTGTAATTG
283	ILMN_1343952	110709	negative	permuted_negative		TGCACCGCGCATTTCAACTACCTCTCATGAACGCGACCGAGAAGCGGATC
284	ILMN_1343651	1710196	negative	permuted_negative		GCTCACGTGCACGCTCCAAGATCGGACTGCATCGGAATGGACTTCTTCGG
285	ILMN_1343302	6940653	negative	permuted_negative		TGCGAGTGGAGGCAGACCGGTAGGGGAATGCTAAAGGGAATTGACAAGAG
286	ILMN_1343495	610411	negative	permuted_negative		TGTGTCCAGAGGCCCCAACCCGCTTTGTCGAGCATAACGATGACGGTTGT
287	ILMN_1343605	780709	negative	permuted_negative		AGGTGTAGCGTTGCAGACCAGTCTCATTCGGACCAAACGATTGGATGCCA
288	ILMN_1344032	50564	negative	permuted_negative		CACCTTACCCACGGAATGGTAAGCCTACTTGGAGAAAACTACCCCCCTGC
289	ILMN_1343639	2350008	negative	permuted_negative		CCAACCGTATCAGGCTTCGTGTAACCGCAGATGTTTTCAATCATACCCAC
290	ILMN_1344023	3170228	negative	permuted_negative		TGGAGCTCGTTTGCCGGATGTGCAATGAATCTATAAGCGACGGGTGGCCT
291	ILMN_1343926	1300528	negative	permuted_negative		CCTTTTGGCATGCCCGCTCACTACTCTGTGCTGGCGTATCGGATGACCAG
292	ILMN_1343898	5130148	negative	permuted_negative		CCATGCCTCGCCCCACAGTCCCTAACCACAGTATCACACAACTAGCCCAG
293	ILMN_1343751	2140241	negative	permuted_negative		CTTGATTTTGCCGTCAACTGCCCAGCGAGAGACCCCTGGTACAAGAGTTC
294	ILMN_1343473	1570202	negative	permuted_negative		GGCAGCTAAGGGCATGAGGTCGGCTTCTTTGTCTCATCGGATCACTGCGA
295	ILMN_1343692	3360202	negative	permuted_negative		CCTGGTCTCAGGGCCCACTACTATCTCACGTTAGCCCACGTAGCCTACAG
296	ILMN_1343744	4260646	negative	permuted_negative		AAGGGCGCTAGACCAGAGTTCATACCGAGCAAGAGGGTAGACCCGAATGG
297	ILMN_1344000	1740632	negative	permuted_negative		GCACGTAGTGGTGGACCTTTTGACTCTCTGTTTTCAGGGCCGCTAGTTGA
298	ILMN_1343410	1410228	negative	permuted_negative		CCATTCTGCCCACAGTCCGCTCAAACACTGGGATGTCTCTGTTTTGTGGA
299	ILMN_1343867	5810524	negative	permuted_negative		GGGCACCCAAGGTCTCGATACAAGCCAGGGGATCCTGCGAGGAATAAGTC
300	ILMN_1343719	6580288	negative	permuted_negative		GAGAAAACCCACCGGAGACTTCCACCACTAGCACAGCCCAATTCCCAAGC
301	ILMN_1343509	3440161	negative	permuted_negative		TGCGTTGATGGATCAATGTCCCCAGAGGCGGTACCATAGGGGGAAGTGGC
302	ILMN_1343650	1190059	negative	permuted_negative		CCGGAAAATCAAGGGATGATTGCGGGCTTCGAACTACAGGCGCTGGGAGA
303	ILMN_1343796	4280338	negative	permuted_negative		CTGTCCTATACGACCGTGCTGGGGTAGCTGGACCATTTGATGGAGCTGCT
304	ILMN_1343765	5810451	negative	permuted_negative		GGTAAAAGGTTGGGAGACGAACCAAACTTACTCACGGACATACTGCACTC
305	ILMN_1343652	7570037	negative	permuted_negative		CTCCCGGAGTAGAAACCCGCTCGCTGAGAAGCTGCGGACTGTTTTCAGAG
306	ILMN_1343589	4830435	negative	permuted_negative		CTTCTTAGACTGCCCGGTTGGTCACACCACATTTCGAGAGCGATTGCGTC
307	ILMN_1343853	10575	negative	permuted_negative		CTTACCCCAGTGACTAAGGACCCGGACTGGGGGGCTGTATCACGGATTAC
308	ILMN_1343917	7000608	negative	permuted_negative		ACCAAAGAGTGTGTCATCGCCCGCCTTTCAACTTATTCGGTCCAACAGTC
309	ILMN_1343429	1710458	negative	permuted_negative		AACCCTATTCCCGCAGGCTTACCGCTAGCACACTTACCCCATTTTTAGTC
310	ILMN_1343634	5340309	negative	permuted_negative		CCCTTGCTCACAGGTAGTACACCTCACTAAAGCCCGAACATCTGCCCTGG
311	ILMN_1343299	2470411	negative	permuted_negative		ACTACTGAGTTAAGAGTAAAGACCTGTTAGTAGTGCGTCCAACTGCAGCT
312	ILMN_1343454	610180	negative	permuted_negative		AATAAAGGTACCGGCTTCACGGTGGCGCACTCGATCTGTGTTCCCGGAGG
313	ILMN_1343836	5420445	negative	permuted_negative		CTCCAGACGGATGTGCCCTAATTGTGCCAACCTCTCTTCACATGACCCTG
314	ILMN_1344011	2810435	negative	permuted_negative		CAAGATTGTGCTCCCATGTGTGGTACGCTTATAGGGGACACTTGCTGGGA
315	ILMN_1343941	7400681	negative	permuted_negative		CGGGGACGAAGTGGCAGACGCCAAGTCAAGGTGGATCAAGTCAGTCACGA
316	ILMN_1343552	650463	negative	permuted_negative		AGGGAATGCGATGGGAAATAACCGTGGTCAATTTGTTTCTGCCAGTATGC
317	ILMN_1343849	5960347	negative	permuted_negative		GTCTTTTGTTACCCTGGAGGTCTTGTTGGCGCACTGTTGGCAATTGCGAC
318	ILMN_1343499	380364	negative	permuted_negative		AGTACCGTAACCTGGCCACCCCGACCAATAGCAGATCCACTGACCAACCC
319	ILMN_1343609	1980228	negative	permuted_negative		TGGAAGGTGAGGCCATGCGATTTACTGGGGGTTCCGAAGGACTACCATGT
320	ILMN_1343426	4390722	negative	permuted_negative		CATGACTGGTATGCCCCTATTTGGACACCGGTTGTCTGCCCCTGGTTTTC
321	ILMN_1343860	4150333	negative	permuted_negative		GTGTGCTGGCGACCTTGAAACCCGGGAGCCTGAAACAAGGGGTGTCTAGA
322	ILMN_1343312	2450630	negative	permuted_negative		AGACCATGTAGTGAGTGAGGCGGCTTCTTGTACTGCTCTCCGCAAATGAT
323	ILMN_1343711	5860095	negative	permuted_negative		GTCCCCGGACCATGCAGGAGATCAGAACGTGGCTGGGTACTAGATGACCT
324	ILMN_1343664	1990612	negative	permuted_negative		TGGCAGTCATGCGGATCTGCAAGTCGTTGCCTGTTACTGGCCATCAGTGC
325	ILMN_1343326	4040639	negative	permuted_negative		GAGAGGCCACACCTAAGACCCAGACACGCGTCCACAGAAGACCGATTCCA
326	ILMN_1344042	4050324	negative	permuted_negative		CTGCTGTTCGCTATACTGGTGATTTGTTCGTGGTGCCCGCCGTGGCTCTC
327	ILMN_1343791	1050358	negative	permuted_negative		CGTTCCTGGGGCGGGGTAATTCAGGAATGCCAATAGACCCCTTACTCGTG
328	ILMN_1343310	7210609	negative	permuted_negative		GAGGCATTATCTGCAGCGAAGCCGAGTTTAGGGGACAAATTCCGGCCTTG
329	ILMN_1343345	5130138	negative	permuted_negative		TGCACGACTGTAGGCGACTACTTGGTCTGTGTGATAGCGGGCCTCAAATG
330	ILMN_1343904	7510070	negative	permuted_negative		CCTAAAGGACCCCTTTTCGTGGGCATGCTTGCGACGTACTTTTTGAGCTG
331	ILMN_1343893	1050538	negative	permuted_negative		AGCTCAGCCTATGCGTCCGTATTGTATGCCGTACCCCTGCTTGAGGGGCT
332	ILMN_1343787	5340594	negative	permuted_negative		GACCTAAGGCAACCTAGTTGTTGTTGGGGTCCCTCGTTCTGTCTCCAGGT
333	ILMN_1343722	6290041	negative	permuted_negative		AGGGGATTTGGCGGTAGGCATTCGGAATCATTACTTCACAGGTTGAAAAG
334	ILMN_1343596	10689	negative	permuted_negative		TTTTGCACCCCCTGATTCAGACCTGGAGCGGCCCTGACGATTCACCATGG
335	ILMN_1343555	6380386	negative	permuted_negative		CTCGCCGACCCTCGTGATATGCCGTACCACCTAAGCCAACCCCTAAACCA
336	ILMN_1343935	2810020	negative	permuted_negative		TCTCATACACACGACGGTAGACACGAGGAGCTCACAACGTCCAAGGCGTA
337	ILMN_1343584	5810020	negative	permuted_negative		GAGGTGAAAATGCCACTACCCGCAGCGGAGTCTAACCAATTCACGAGCTG
338	ILMN_1343484	3310433	negative	permuted_negative		CTTCTCCCTCAGCACAGCGTTCCTGTTTAAGACCGGGTCGACCTCCATGG
339	ILMN_1343671	6330017	negative	permuted_negative		AGGGTTCCTCCTAGCCTTGCTCCTGATCCTATTTGCGATCTCTGTTCGCT
340	ILMN_1343578	6420402	negative	permuted_negative		GAAGACGGGTACGAAAGCGTGGCGAGCTCAAACAAGGTCCTTTGAACGGC
341	ILMN_1343680	380438	negative	permuted_negative		CAGGTGCGTCATCATCCCTCACCCACGGAGGAATTGCTCAATGCAGGCGA
342	ILMN_1343396	2750338	negative	permuted_negative		GCTAGCCCACCTACTTGAAGGCGTATGGGAGACGTCAGGGAGCAGAAAGC
343	ILMN_1343382	2810424	negative	permuted_negative		GAACCACATACATAATGCTCGCCTGCGGACTTTCTCCAGCGCCAAGCAAT
344	ILMN_1343974	4920092	negative	permuted_negative		CCGTGGGTCACACTCTTGTGGAGTGTCAAGACGGACAGTTCGTTGGGCTT
345	ILMN_1343641	6770292	negative	permuted_negative		ACATCCGTCTTGCATAGCAACGCGCCCAGGCACTATCCTATCACGGTCCT
346	ILMN_1343307	4150239	negative	permuted_negative		CTCTATTGTCCCGAGAGCGTGCAGATCTCTTTACACTGTCTCTTTAGAGG
347	ILMN_1343999	6020301	negative	permuted_negative		CGTTGTATTTTCGACGCTACTTGTCTTCAGTGCAGGCCGCGAGTTTTCAC
348	ILMN_1343547	5490168	negative	permuted_negative		AACGCCTTCCAGATGGCCAAGTTCCCAATCGGGCCTGACCCGTGCAGAAC
349	ILMN_1343868	4900754	negative	permuted_negative		CATCTGACTGAGGGCTGCTCAATGACGATACTCTGCCTTTCCCCGAACCT
350	ILMN_1343831	2940241	negative	permuted_negative		TGGTATTGTGGCCCCTTTCAAGCGGCGGAAACAGATCCGGCGTTCTGAGA
351	ILMN_1343624	1090220	negative	permuted_negative		TCACGATTGTGGGCAGCGTTCTGATGGCGAGTTGGTTTGTGACAGCGTAC
352	ILMN_1343423	6400292	negative	permuted_negative		AGGTGTCCAAAGCGGGAACAATGGCCTCGCCAGTTGGCTCTAGATGATAG
353	ILMN_1343617	4570088	negative	permuted_negative		AGTGTGCTGGTTTTGCTTCCGTCCTGGATAGGCTCGGCAAGAAGTTGGGC
354	ILMN_1343725	3930674	negative	permuted_negative		GGTGTTCTGTTCGGTGATCTGGCCAGCAAGTGGACATTTATGAGACTATG
355	ILMN_1343716	1070204	negative	permuted_negative		TAATGGGGATTTGACACTCACGGTTTACTTCCACATCTATGTGTCTCTCA
356	ILMN_1343828	5900523	negative	permuted_negative		AGGAGGCGCATGAGGACACGGCAGTCCCTGTTGGCGGACTCGATGAAGGA
357	ILMN_1343964	5310059	negative	permuted_negative		GCAGAAAACGCGGAATCAAAGGCCGACATGCGGTCCGACAGATTCTCCCT
358	ILMN_1343889	6450047	negative	permuted_negative		CTCACAGTTCAGGTGTCCGGCTGGAACTGATTGATTGAGAGCTGCTGGCT
359	ILMN_1343384	580685	negative	permuted_negative		ATAACACCGGAGGACCCAATATCCAGCCAACACACTCGCAAGAGCACTGG
360	ILMN_1343475	2070703	negative	permuted_negative		GGGTCCGGTGCGGAGTGTGTTTGAAGTAAGTTAATCCGTCGGTCCGCTGC
361	ILMN_1343760	5420451	negative	permuted_negative		GGGAAGTATAGCCGAACATGTGCAGAGTGCCAATGGTGGAACCGATAATG
362	ILMN_1343800	7320672	negative	permuted_negative		GCCTGGTACAGAACAGCAGTGCCAGACCCTTGTGGACAAAATACCCCGGG
363	ILMN_1343417	2350324	negative	permuted_negative		AGCTTTCCATATCTGGGCGCTTCTCTCATGTTCCCCCTCTCCAGCCTGGT
364	ILMN_1344067	2450470	negative	permuted_negative		CCCTCCCCTCACGTATGCTGCGTCTCATAAACCCTACGTACCTTAGCCCC
365	ILMN_1343946	510754	negative	permuted_negative		CTGAGGTGAGCGTGCATGGGGCCGGGGAACAATGTTGGGTATGTTGGGGG
366	ILMN_1343732	360450	negative	permuted_negative		CGGGGATAGCCACCTCGCTTCAACCGTCAGAAGGTCAGACATGTCGGCTT
367	ILMN_1343778	2680326	negative	permuted_negative		GCTACATTCTGGAGGATGAGCACAAGAGATTCCCGGGTTGAAGCATACTG
368	ILMN_1343488	7560564	negative	permuted_negative		GCAAGCATTTCTTGGTACGACGTGGAAGAAGCGAGACCGTCTTGAGATTG
369	ILMN_1343548	7330541	negative	permuted_negative		CCCCTTGGAATGCTGTGGATCAATGCGTTACCGTGCTGCATAGGCGCTAC
370	ILMN_1343736	6380619	negative	permuted_negative		AAATGGACAATCCTATCATGTGCCATGTGTTGAGCGTGAAGTCGGTGTCT
371	ILMN_1343529	5690524	negative	permuted_negative		AGATCGAAGCGGTGCAAGGTGCTGTAGAAGTGAGATCGGCATGAGGTCTG
372	ILMN_1343425	6200671	negative	permuted_negative		GTAGTCTCCTCCCATGGCTTGCTAGTACTTGGTCCCTGTCACGCAGCCTG
373	ILMN_1343647	6200711	negative	permuted_negative		CCATAGAAGAGAGTGAAGCGGTTAGACTGGCACAAAAAGGCCCATCGAGC
374	ILMN_1343741	2350768	negative	permuted_negative		GGGGTATCGATGAGAACGAGCGCAGTAAAAGAACGAGTCACAACTGCAAG
375	ILMN_1343313	1980717	negative	permuted_negative		TCTCCATTGTTGACGCGCTCCCGGCCAGTCCCTTGACCTGTAAGGTGATG
376	ILMN_1343444	540128	negative	permuted_negative		CTGTTGGGCCACCTCGAAACTGGTGTGTTTCATTCGGAGGTAGTGCACAA
377	ILMN_1343688	4220725	negative	permuted_negative		CCGCATGTCTGTTACAAGGGGTATGAAAGCGGGCCGCGGCGTACCTGCAA
378	ILMN_1343886	4260707	negative	permuted_negative		GAGGGGGGTGCCGTTGGAGACTAGAATCTGTATGGGATTGGGTGGCATTG
379	ILMN_1343840	3710687	negative	permuted_negative		CTGCTCGCACAAAGCCTCAAGGCGCCGACCTTTTAGAACCTCTCCTGGAT
380	ILMN_1343453	1780136	negative	permuted_negative		TCTCGATGTGGCGCTCCATCCCCGTACTCTCTCCTAAACTTAGTGGGATT
381	ILMN_1378483	1990017	negative	permuted_negative		TACGGATACGACAACAGCAGGCTCACCGCCAGAGAATCTCCCCCCAGAAC
382	ILMN_1343438	2450735	negative	permuted_negative		TGGTCCAAGCAGCGGAGAGCCGGCCTAACATTACCGACAACGTGAAACCC
383	ILMN_1343492	7320451	negative	permuted_negative		CTGTTTCCGCTACAGCCTGCTTGAATGTGCCTAAGATTAATCAATATGGC
384	ILMN_1343597	2680228	negative	permuted_negative		CAGGGCAATTGATGCTGCCATGACCCGTACACGGTCCAGGAGGCAAGTCT
385	ILMN_1343956	7570360	negative	permuted_negative		CCTTTAGCTGAGAGTGTCTCGCCTCGTTTTCTCAGGGCCCTTTCGCGAAG
386	ILMN_1343331	4560221	negative	permuted_negative		GGGCTCATGCTGGGTGCCCATGCACTTATTTTTTCTCTGGATGTCCCCAC
387	ILMN_1343993	430706	negative	permuted_negative		GGGGCACTGGACCATTTAATTGACCGATCGCTCTTGGGCTCCGCCCATAG
388	ILMN_1343940	3060681	negative	permuted_negative		GGGATGAGGGTGCACGGAGTGGGTAAGCATGGAGTCTGAGACAAGTCAGC
389	ILMN_1344005	4180184	negative	permuted_negative		TGGCGTGCCTGTTCGGGATGTCATGTAGAAACCCCGGGTCAGCACAGCAT
390	ILMN_1343536	2320025	negative	permuted_negative		TAACCATGCCTACAGGATCCCCACTCAAGCGTCTCTTCGAGGTGACAGAA
391	ILMN_1343701	2510170	negative	permuted_negative		CGCAGGCCTTGCCGTCAGCTGAAAGAGTGCCCAAGGATCCGGAGGGAATT
392	ILMN_1343877	3830524	negative	permuted_negative		ACAACTTGGTTGAAAGGCCCCGGACATGGATTCTCAGCGTGTGGTTTGGA
393	ILMN_1344003	4810402	negative	permuted_negative		GCTTTCATACAACAGCACGGGGGATATCCGGCCACCTATACTTCCTGCCT
394	ILMN_1343612	3120192	negative	permuted_negative		CAGGTTCTTCTACTCGGTCTGGCCCCGGTTGGTGTCTGTGGCTTTCGATG
395	ILMN_1343987	6130128	negative	permuted_negative		CTGTTGAGGTCGCACGTTATAACCCAATGCGGTGCGGCGAGTTGCCCATA
396	ILMN_1343700	4010465	negative	permuted_negative		TTGGTGTCGCAGTGCGGGAAATTGGTCTCTTGTCTGGCGCGGTTAGGGTG
397	ILMN_1343695	1570482	negative	permuted_negative		CCAGAGTTAACTAGAATTTCACCGGGGCTGACGCTGCAGGCCGTAAGCTC
398	ILMN_1343427	770092	negative	permuted_negative		CCACTTCAGTCACCGGAGACCAACCGTCACCTAGCTACACGCAGCCTACA
399	ILMN_1343799	50189	negative	permuted_negative		GTGTACGAGTTCGTGGCAGCCGATCGCACCTGAGTTCCCTGTGGGGGACT
400	ILMN_1343662	6550470	negative	permuted_negative		TTCAACCCTGGGGAACTCCCCGCAAGGCAATCTTTTGCCATTCTACCCTA
401	ILMN_1343315	4900717	negative	permuted_negative		TGTAGTAAGTAACAGGGTGTGAGAGTAAGGAATCCTCCCTGTGAGGTAAC
402	ILMN_1344024	630224	negative	permuted_negative		CGATGTTCTCCCCCCAACACCCGATCCCAGACGACAACAACCCAATTCTG
403	ILMN_1343606	5340601	negative	permuted_negative		AAGAGACAGACCAAGATGACAACGAGGGCGAGTCATCGCTGGGGGTGCCA
404	ILMN_1344060	5360400	negative	permuted_negative		AGCCACCTCCGGATCGGCTTCACATCACGATCGGCATCAACGGGGTCGTC
405	ILMN_1343979	510414	negative	permuted_negative		GCCCTCGACACTCTGCCACCCGACAGTGGCGCTCCTGCGGCAATTCCTGT
406	ILMN_1343888	150370	negative	permuted_negative		CTCGCATCTAATGACTGGTGCCCAAGGCCCACATGCTATTAGTACCTTGG
407	ILMN_1343368	2480093	negative	permuted_negative		GTTAGCGGGACCTGGATCTTTGGTTTCATTGACTGCCATTTAGAGTGCAG
408	ILMN_1343452	1240706	negative	permuted_negative		GCTCTCACCGACAGCCCAACTCTGGATCCCGGCAACATACACCCGGACTT
409	ILMN_1343957	6560360	negative	permuted_negative		GTCATGCCCTCTGCGTGATGCCCGTAGTTGACTATTCCTTGATCAGGAGC
410	ILMN_1343582	2750379	negative	permuted_negative		CATGTACTGGGATCTGAGGAACCGAGGATAAGGTGCCAGTTTGACGGGAC
411	ILMN_1343319	4280110	negative	permuted_negative		CTGCTGGACTTGGTTTAGGGACCGCTTGACCTGTCCCACATTGGGGTGAA
412	ILMN_1343448	1450121	negative	permuted_negative		CCTATACTAAACAGCCGACCCATGGCCCCACCCCTACATCCGGACTCATG
413	ILMN_1343463	5270634	negative	permuted_negative		TCTTTTCATCTACAGCACCGATTGGACACCGACTGCTCCAGCCGGCCCAC
414	ILMN_1343357	3400504	negative	permuted_negative		TGTGCCCAAAAAAGCCACACATGCCCCCCGGCACTACCTGCACCCAAAGA
415	ILMN_1343809	650707	negative	permuted_negative		GTCGCATTTTGTGACCCTGTGAAATGGGCATATGCGTGAGCTCATGGTAG
416	ILMN_1343468	110040	negative	permuted_negative		GTGGACCAGAGCTTACGGATCTTCCACCGTGCCCTCCTACCAGGTTCTCC
417	ILMN_1343824	6290468	negative	permuted_negative		ACCCTTTGTGGTCAGTCCGTATCGCTTACGCTTGTCCAGGTATGCAAGGG
418	ILMN_1343424	5390711	negative	permuted_negative		CCCGCTAGCCCAGATTGACACCCCAAAGCTCCCTCAAGCACCATCGTAGA
419	ILMN_1343370	6020731	negative	permuted_negative		GCCCACCAATTTCCGCTTAGGTTGGATACGGACTCCTCGCCCAATCCTTC
420	ILMN_1343574	5700445	negative	permuted_negative		CGTATCATGATGGATCGTCCGTCTCCCCTAGTGTCCGGTAACGTGTGGGC
421	ILMN_1343344	3420138	negative	permuted_negative		TCAGGACAGACTTGGACGTGAGCGCCCACATGATGCCACATCCATCTACT
422	ILMN_1343296	5960452	negative	permuted_negative		GTGCCTGTTGACACTTTCGGTTGTGTTGTTCCAAACCCTCACTATGCTGC
423	ILMN_1343524	450215	negative	permuted_negative		TTTCCTTGCTTATCATTTAGACCAAACCTGCGTGGCTCGCACCATCTGTC
424	ILMN_1343863	5340333	negative	permuted_negative		TTCCGCTTCCGGGAACACCCACCCTGCTTCTTATCCCTCCCTAACTAGGG
425	ILMN_1343781	2900131	negative	permuted_negative		AGGTACGGACTCCCAAGCTACCCCATGCAAGTGTTTCAGCTGGGGCAGGT
426	ILMN_1343705	450600	negative	permuted_negative		CGTTGCCATGCTTTTCCTCGCCTCCTGTTGGTCTTCACCGGGGGCGTCTT
427	ILMN_1343564	7610672	negative	permuted_negative		CCCCCCACACTGGTAAAAATTGCGTGGCAGAAAAGGCGTGGATACTAGAG
428	ILMN_1343390	4290341	negative	permuted_negative		CGCAAAGTCGGCAAGCGCTTCTGCGGACCCCCACGTGGTAATTCAAGACT
429	ILMN_1343797	3520064	negative	permuted_negative		CTGTGGATTAGATCACTGGTCCAGCTTAGACAAGTCGGATGCTGCTCTCC
430	ILMN_1343691	3120563	negative	permuted_negative		CATCCAGGGGGCCATGGTAGACACGCATGAGGGAGTATATTGGCGGAAAG
431	ILMN_1343621	110750	negative	permuted_negative		GGGGGGCTGGACGGTGACCCTGCTTAAAACGGAACACTGAGGAAGAGTGT
432	ILMN_1343600	2900767	negative	permuted_negative		ACAATGGCCGGCTTCTGAGGTGTATGACAAGAGGGGTCGCAGGAGCACTG
433	ILMN_1343874	5690138	negative	permuted_negative		GTGCCTCGTCAGCTTGGGCTGTTTAACCACAATTTGCACCTCAATTGGGA
434	ILMN_1344041	5290324	negative	permuted_negative		CATGTCCACACAGCGCACCTTTTGGATCGCACAGGTCAGTGAGAGTGGGA
435	ILMN_1343380	6520082	negative	permuted_negative		AACGCCTTTAATACCTTGGAGGGGCTTGTATTTGTATTGGACCATCCCAC
436	ILMN_1343541	6290025	negative	permuted_negative		CCGGAGCCATCCCCTAGAGGTTTTCACGTGGCTCGTCTATGTCGTGCTTC
437	ILMN_1343445	5090470	negative	permuted_negative		AGGTGAGAAAGGCTCAGAAGCGATCCAACGAGCAGCAATGTTGCCAATGG
438	ILMN_1343850	1010280	negative	permuted_negative		ATCTATAGGAAAGACCTTCAAGGGAGTTGTTCGCAGGGTCATGGGCTGGG
439	ILMN_1343672	4540180	negative	permuted_negative		TACGCAGTAACGGACAGGGAGGCCGAACTTCAGCAAATAAGCAGATAGAT
440	ILMN_1343897	3420538	negative	permuted_negative		TTTCTCCCCCGAGGACAGGTCGCCCTCCTGACGATTGCCATCACTTGCAT
441	ILMN_1343966	3060167	negative	permuted_negative		GCACTTGTCGGGTAACCACTGGGGCCTCCGTGAGATGGGGATTCGAAGCT
442	ILMN_1343458	380739	negative	permuted_negative		GTCAAAGCTTGCGCTGCCACCGGACAGAGAGTGATAGGTAATGTTCCAAC
443	ILMN_1343381	1170424	negative	permuted_negative		ATCCACTTGGTAAGGTCTATGCGAGCGAGGGAATCGGCGAGCAGATTGCG
444	ILMN_1343675	1780739	negative	permuted_negative		CCCTCGCTAGCTCCAGTCCCCCCTGGTTTATTCCTCTCCATCAAACTGAA
445	ILMN_1343474	3840202	negative	permuted_negative		TCACCCCCTTGGCCTACCAGTCGCTGCGGTCACATCATCCTAGTGTGTGA
446	ILMN_1343520	2510754	negative	permuted_negative		TGTCCCCCTTGAAGATATCCGTCCTTGCCACCCTATTACCCGCGGCAGAG
447	ILMN_1343575	3940386	negative	permuted_negative		AGCTACGCACAGGACTAGCCCCTAAGGCATTAAGGACGTCTCTTTGAGGG
448	ILMN_1343510	4480273	negative	permuted_negative		TACTTGTCTGAGGTTGCTTTGCCGATTGCTTGATGGGGTGTTTGCCCGGG
449	ILMN_1343975	5890059	negative	permuted_negative		TGCGCCTCTCCGTTCGACTCTAACCCCCAACCGCGACAGTGTCAACTCCC
450	ILMN_1344002	1300129	negative	permuted_negative		GGATACGATGTGCAGGTCGCTGTCTGGTGCGTTGCGTGAGGAGTGACGGT
451	ILMN_1343947	3170048	negative	permuted_negative		GGCACAGTTTCTCTCCACATTTGTTCTCACCTTGCTTCGGAGATGCTCTC
452	ILMN_1343892	4250021	negative	permuted_negative		GACATGGGGAGCGATGAGAACATGCCCTGCCTCTTACCGAGAAGGCCAAG
453	ILMN_1343707	5570327	negative	permuted_negative		TACAGCTCTTGCGGAGGAGTCGGACAAGTGAACTAAGGCTTCATGCATCT
454	ILMN_1343839	2750537	negative	permuted_negative		AGTTCTCAGTGGGCCTATGGGTGCAACGGACAACAGTATGGGGCATCTAC
455	ILMN_1343763	2750687	negative	permuted_negative		CCCTAGACCTGAGAGTACTAGAGTTCACTAGCGCACCTCGCGATAGGTAC
456	ILMN_1343815	7550377	negative	permuted_negative		CCTTCTTGTGTTGCCTGCGCTTATGTGGAAACCGCGGTCGGTGTAGTTTC
457	ILMN_1343720	2650397	negative	permuted_negative		TGCCACGGGCGTCATGTGACCTATGGCTCGCTTTCTTGCTCTTCTGGGGA
458	ILMN_1343416	3800626	negative	permuted_negative		ATGAAAGAAAGCGCCGTGAGGTCGTGTCTTGCGGAGGTGTGCCTTGCTGA
459	ILMN_1343986	3400253	negative	permuted_negative		CAACTGTGGCCTATCGGAACAGGAAATACCCTTCATAGCAAACAAGGCGG
460	ILMN_1343938	5310341	negative	permuted_negative		GTGACACACCTCGGGGGCTGACATGCAATGGTTCCAAATACCAAATGTTC
461	ILMN_1344049	5560092	negative	permuted_negative		AAGGTTAAGATCCAGGAGGGCGAGATTGGAATGAGTCGTGGGTCTCGTCA
462	ILMN_1343654	6110632	negative	permuted_negative		GGGGGTTTGAGCTTGGGATGCTCCTGTAGTTAGGACTATCTGCCTACATG
463	ILMN_1343749	6350603	negative	permuted_negative		ACAGAAACACATGTCAGCGATCGAGTACCACCTGATCAGCCCTTAGCGAC
464	ILMN_1343776	2470575	negative	permuted_negative		GAAACTTCCCACCACCTGGATACAAGCTACCTTTCATTTACCCCGTCTGC
465	ILMN_1343496	240368	negative	permuted_negative		TGGACGTTAGCCGACGAGACTCTGGCCCCGAATGGCACCTTAGAACAAAG
466	ILMN_1343813	6060181	negative	permuted_negative		GTTCGTGGCAGCCCGCGCAGTGTTAGCAAAGACATCCGGGTCCATCCAGT
467	ILMN_1343366	6270608	negative	permuted_negative		AACCAATCAGCACCGCATGATAGTCATCCCGTAGGTGTCTCCACCATTGG
468	ILMN_1343847	4640368	negative	permuted_negative		GTGAGCCTGTTAGGCTGTAAATCCTTAGTCACTTTGTGTGGGCCAGCATT
469	ILMN_1344013	580341	negative	permuted_negative		CACGAGAACTTACCCGAGAAAGGGACACTTGAATGAGGCGCGCAAGACGA
470	ILMN_1343464	830427	negative	permuted_negative		CCCCGAAAGGTGATGCCCAAATACTCCTCCAATGCGACCCCCAGCTGACA
471	ILMN_1343456	2120768	negative	permuted_negative		CTCAGCTTTATCACGGTTCTCGGCATCTAGGTCTGGACGATGGGCGCTCG
472	ILMN_1343623	2470563	negative	permuted_negative		GCAAGTCGGCATCAGGTTGTGTCGGTTGGGTTTTGGGCGGTGATCTGCAG
473	ILMN_1343768	1690537	negative	permuted_negative		CAGGCAGTGGCCTAGTCTCGCGCTCATGCCATAAACTGTTGTTCAAGCCT
474	ILMN_1343855	6940333	negative	permuted_negative		CTGAGCAGAGGTGTGCCCGCACCGAAAAGGTTAAGGGGACTAAATTGGCC
475	ILMN_1343646	5390458	negative	permuted_negative		AAGGCTGGAGTGTGCAAATGCGGTTGGCCGGTAGGAGTGCACAGATTTAT
476	ILMN_1343493	1240022	negative	permuted_negative		CCACTGTCATCAAACGGTGCCAAAGACTGTCGCCAGTTCTCCCCCCTCTC
477	ILMN_1343789	4850446	negative	permuted_negative		AAACTGCACGCTTACTACTCGGCGCATTCCATAGGGGATGTTTCCCAGGC
478	ILMN_1343379	3130129	negative	permuted_negative		GGTCTACTGCACGGTCTTGGGCTCTGCGTGATCTGACCGTATGCGATCTT
479	ILMN_1343389	6760435	negative	permuted_negative		CTCCATGCGCCCGATCATCCTCTGTGCAACGACAATCCCCACCGACACTA
480	ILMN_1343875	50524	negative	permuted_negative		GGTCAACCCCAAGCACCCCGATGAGCTTTGCTCTATATCCCATGCATGAC
481	ILMN_1343834	4490445	negative	permuted_negative		TGGTCACCGCAACACAGTACAGCCTTAATAGGTGCGTAAGCGACCTCAGG
482	ILMN_1343971	4210609	negative	permuted_negative		GGAAAGCTGAACTATCCCTCTAGCGCCAGCGAACTAGGCCACCATCCTGG
483	ILMN_1343435	1500286	negative	permuted_negative		CCTTGAGTGCATCACTACAACGGCTCGCAGCCTCCTGCTCAAATTCACGA
484	ILMN_1343377	2060129	negative	permuted_negative		TCCCCTTCTGGCGTAACCGCTGGCGGGCTTGCCTATTCGATTCTATTACT
485	ILMN_1343306	5820239	negative	permuted_negative		CTCATCTATACACTGCTCCAGAAAGCGACCAACCCCGGCAGCTGATGGCC
486	ILMN_1343968	160475	negative	permuted_negative		TCCTACGCAAACGGTGCTAGAGACCACATGACTACATCATACTCCAGGAT
487	ILMN_1344047	4210671	negative	permuted_negative		CTCAGTGCTGCTAGCCCCGTTGGTTTGCCGGTATCGCCCATAGCCAGTCC
488	ILMN_1343775	6280477	negative	permuted_negative		AGCATTAGTCAAGCTAGATCAACACCCAGTTCGCCGCTGCCTAACAGGCC
489	ILMN_1344010	1170435	negative	permuted_negative		TCTAATTGACGACCAGCCATTAGCTGTGATTGGACTGACCTAACGTTTGG
490	ILMN_1343317	4890110	negative	permuted_negative		GAGCCCGGTTGATGACGTGAGAGCGACAACAAGTATGGCGTGGACCTCGG
491	ILMN_1343995	3800746	negative	permuted_negative		GCCTACTCTCAGGTTCAGTCTCCTCTCATACCGTTCAACCCACGAGCTCT
492	ILMN_1344054	6200719	negative	permuted_negative		GCCGTGAGAGGAAGACGACTGAACCTGCCGACTTTCAACAGAGCACGCTG
493	ILMN_1343960	7050521	negative	permuted_negative		GCGTCCACCCAACCGAATCCCCTGTCCTAATGGTAAGCGATGCTGAAACA
494	ILMN_1343915	7400035	negative	permuted_negative		CAGATCTGGACACTTCTCAGGCAGTACCGTGGAGATGAAAAAGGACGAGG
495	ILMN_1343497	2120673	negative	permuted_negative		ATGGAGGGTCTGTCCGGCCTCCTCGTGTCGTCTGTCGCGCTAGTTGTTTA
496	ILMN_1343846	4830364	negative	permuted_negative		TGGCAGTCCTTTCCCCAGGCACGTGGTCAGGTAAGTACACCACAAACCCA
497	ILMN_1343591	5870373	negative	permuted_negative		CTGTGTGAATTCTGTAAGCGATGACACGGAAGTATGGAGGGAGTGGAAAC
498	ILMN_1343408	6130743	negative	permuted_negative		AGAGAGGGTCACGGGATTAGGGAGCAGATTACGAAAGGGGATCTAGTTAG
499	ILMN_1344028	110343	negative	permuted_negative		TAAGCGGAAAAAGGCATGCGCCCGAATGAGAGTGGAGAACAGGCGAAGGG
500	ILMN_1343806	4780408	negative	permuted_negative		CTTTAAAAGAGACTTAAACAGGCTGCGAATCGGTTGGTCCCGGAGATCTT
501	ILMN_1343826	7650603	negative	permuted_negative		CCACACTTCTCGGGCCCGTCCGGACTCATCTTTGACAGAACGCCCATAAA
502	ILMN_1344065	3870328	negative	permuted_negative		CTGCTCGTCCAAGCACCTCAACTCAACCTAACCACGGCCATGCCGGAATC
503	ILMN_1343318	6980110	negative	permuted_negative		CGCTACCCCTTCCACTCCCTCATACCTGGCATGGCTTGGTACATGAGACC
504	ILMN_1344031	1090154	negative	permuted_negative		TCCTTGTTATGCGGGGATTGCGGCCACTCTTTACACCTCATCCCTCACTT
505	ILMN_1343412	5290521	negative	permuted_negative		TAGGGATTTATAATGATCTATATTCTACCTACCATTGAGAATTGTTCAAA
506	ILMN_1343629	7050228	negative	permuted_negative		ATCGGTTCCGTCGGCTAACTTGTTCCCCTAGTCACGCTTTCCATCAGATA
507	ILMN_1343754	2100554	negative	permuted_negative		ACCCACCGACATCTTTCCACAATGGGCACCTCGTTGCAGGCTGGACTAGC
508	ILMN_1343334	270364	negative	permuted_negative		GACTCCGGACAACCGACTTCCCCCTTAGATGGCCTCTGTTAGCATCCTCC
509	ILMN_1343431	5050059	negative	permuted_negative		AACTCCCCGTGACTGCATTTGTACTCCCAAACGTGGTCGACCCTGCCGTG
510	ILMN_1343665	3310577	negative	permuted_negative		CACCTGCATTAGGGCTACGTCTCGTTGTCCCAAGTATTCCGTACAGTGTC
511	ILMN_1343891	6180242	negative	permuted_negative		GATGAGCCGCAATTAGGAGATCCGTGGACGGCCCCATGGGCTGCCGATCG
512	ILMN_1343432	2030398	negative	permuted_negative		AGCTCTGGAGCACCGCTGATGGTTTACCGAGCTCTTCTTGTACCCGGCCA
513	ILMN_1343607	940767	negative	permuted_negative		CACGTCGCCATTGGCACCCCTATTGTGTGTCCCTGTATTGGGTGCTGGTA
514	ILMN_1343723	7100674	negative	permuted_negative		CACAGCGCTACAGGCTATTCTATCACCGGAGCTCACCGCTGTTGTGGGCC
515	ILMN_1343661	2370497	negative	permuted_negative		AGTGTGAGTAGGCTCGAGGCTCTGCAGTGCATTATGGTGAGCAACGTGGC
516	ILMN_1343611	4900324	negative	permuted_negative		AGCCGCTGAGGTAGCCCTGCCTCCTGATTTGTGACGGGAAATAATGTGGC
517	ILMN_1343491	4540280	negative	permuted_negative		GAAGGTTTCTGGCTGACGTCTGGTCGCCTCCCTTATGTTGTCCCATCACT
518	ILMN_1344001	4760082	negative	permuted_negative		TTCGCAGACGGCCAGGTAGCACCCGTGGGAGTCAATGTGAGATGTGCTCA
519	ILMN_1343369	2970731	negative	permuted_negative		GGAGTCTGGCCCCGTGGCGGTAACCTTGGTAGCGACTTCAACCTCTGAAA
520	ILMN_1343633	670521	negative	permuted_negative		CATAGAGCAGGCGAACACCACGGGTCGGTCCAAAAAGGCAATGCGGGACT
521	ILMN_1343710	5690327	negative	permuted_negative		GAATGTCTGAGTCCGCGAGTGTGGAAACGTGCCACATGCTCGTTATGCGA
522	ILMN_1344064	1500497	negative	permuted_negative		ATGTGAAGCCAATGGCGGCTCAGTGTTTAGGCCCGCAATGGCTATTTACG
523	ILMN_1344069	6550768	negative	permuted_negative		TTGTAGCTGTAAGGCGATGTTGCCCTATATTATTGTCCGTGCGGCCTTGG
524	ILMN_1343414	430360	negative	permuted_negative		GCCTGGAACCAGCTATCACGGAAGACCACGACAGTAACCACGAACAGCGC
525	ILMN_1343480	2370139	negative	permuted_negative		AGCTTCCAGTCTCAGCAGACCGAGCCGGATTCTTCACCGAGTGTAACTGT
526	ILMN_1343981	7040253	negative	permuted_negative		AGAAAATAGCTGGACTGTTTGGAGGCCCACTGCTATTCATCACCGAGCTC
527	ILMN_1343945	4570689	negative	permuted_negative		GTGAGAGCAAGGGGTAAAGCCAGACTGATGCGGAACGCAGATGACCTGCC
528	ILMN_1343930	5090110	negative	permuted_negative		CTACTTGAATTCGTGAGTAGGGCGGTTGGGAGCATCTAGGAGGGCTTAGG
529	ILMN_1343996	2350647	negative	permuted_negative		AGGGAGGGCGGGAGACGTATCGTGGCATTAGCTCAGTTGGAGCAAGCAGT
530	ILMN_1343359	990414	negative	permuted_negative		CCAGAGTTCGGGTCCTTCAGACCTTCACGCTGTGCGAAGTTTGGTGTCTG
531	ILMN_1344059	6960605	negative	permuted_negative		CCCACTGCAACACGTAGTGTGTCTAGCGATGATCAGTCGTGGCAGGCGTC
532	ILMN_1343878	360215	negative	permuted_negative		AGTAAAAGCAGGCTCGCATGTGGGACACCCCTGCAAATAGCACAGTCTGG
533	ILMN_1343457	3180739	negative	permuted_negative		GGTACATTCGGAGAATTGGTTTCCGCAGGAGGCCCGTTCCTCGTACCCAC
534	ILMN_1343837	460349	negative	permuted_negative		TGATTGGTCGGTGCATCCGTTAGTCCTCCTGCGTTGCTCTCTGACAGTGG
535	ILMN_1343507	4220201	negative	permuted_negative		CTGTTCTGCACTTTAGTCGTGCCGTTTGGTTGGAAACTAGCATGTGCTTC
536	ILMN_1343962	3370167	negative	permuted_negative		TCCGCCCTTAATCATGCTGACCCCCACGTGATAACCCACAGCTCACACTC
537	ILMN_1343881	6900561	negative	permuted_negative		TCGACACAGAAAGCCGGAACTGGTCAGTGTCGCTCGTGATCAGAGGCCAG
538	ILMN_1343532	5270600	negative	permuted_negative		GCGTGTTCAGATGCATGATTGTCTGGTTGTCCGGGTCATGGTGAGCTGGG
539	ILMN_1344068	2370692	negative	permuted_negative		CATCTCTGGAGCGAGCTCTGGGGTCCAACAGTTTCTCTATCTGCCACTGG
540	ILMN_1343743	840437	negative	permuted_negative		GAGTGGCTACTGCATAGAAGGTTGGGAGGCCATGTGACTGCCACGGGAGA
541	ILMN_1343862	5420064	negative	permuted_negative		CTTGCGCCGCCATCCGTCCAGAACACAGTAGGACCAGGTTCAGTCCGCTA
542	ILMN_1343352	7040309	negative	permuted_negative		TTGTGTTCTCCCCAGCACAAGGCTTACTTGCCCGCATAAGTCTACCAAGG
543	ILMN_1343757	3450554	negative	permuted_negative		TGGTTGTGAATGCCTAACCGCTGGCTTGACCTGAGTGCAATCCTTTCGTG
544	ILMN_1343955	1090228	negative	permuted_negative		TATCGACGAGAGGCTACGCCAGGTGGCTCACACGTCTCCAGTTTTTGGTG
545	ILMN_1343644	5890458	negative	permuted_negative		TGCACCTTGAGGTCCGTGGAAGCAATTCTTCGATAGGCACGCAGTGTGGT
546	ILMN_1343627	7380048	negative	permuted_negative		CCTAGGGGAACAACCTCACCTAGGGAGCCCTTTCAATCGGGTAACAGAGA
547	ILMN_1343683	3780427	negative	permuted_negative		AAGCTACCGTACCTGTGGTCAAATGTCGCGCCGTGTGCGGGAAGACTGAT
548	ILMN_1343984	7380577	negative	permuted_negative		GTGTGTGAAGTGACTATCCTGCCTCTCCTACGGCTATCTTACCTGATTTT
549	ILMN_1344017	2450209	negative	permuted_negative		TCCGGTCGTGTCGCACAGGCTCCAACATGGAGTAGTAGTGAGGGTGACTC
550	ILMN_1343322	50376	negative	permuted_negative		TAGAGTGCAAGCGCAGGCATATGGTCTTTGTTGGTTGCGCACTTAATCAG
551	ILMN_1343951	620048	negative	permuted_negative		CTCGGTCCTGTGTGTGTTGAACCGTTCCCCCGTTTTGTCCTGGATGCCAG
552	ILMN_1343689	870274	negative	permuted_negative		TGCCCATATGGACTGGGTCGGGTTGCCTCCTTATCCCCAAAGGCAGCCAA
553	ILMN_1343490	6330468	negative	permuted_negative		GTGGATTCCTGCGACTGGAAGACTGTCTAGCCGAGTTGTTTGTCGACTCG
554	ILMN_1343738	430121	negative	permuted_negative		CTTAGGGAAAACGCCGGTCTGACACAACACTTTCCAAGTAGCGTGAACTG
555	ILMN_1343587	1690341	negative	permuted_negative		TCGTACGGAGAACCCATTTTTCTGCTGATACCGCACTAGGGCCTGGGTTC
556	ILMN_1343593	1010343	negative	permuted_negative		CAGGAGAACACACTCGCTTGCTGCAATGACCAAATCGTTCCGAGACCGCT
557	ILMN_1343351	7510068	negative	permuted_negative		AGGCATGTCTCCTTCAGAAGACCAGTAGGGGTCCCAACCGTAACCCCAGG
558	ILMN_1343401	4060343	negative	permuted_negative		TTGTGAGTGAGGACCGCCCTGCCGAGATTCTCCTGACGACACTGGTGCAC
559	ILMN_1343817	3190646	negative	permuted_negative		AAAGTGCCTGCAATACTCGCTCGGTCCCCGTCCAATCTAGCCTCCCACCC
560	ILMN_1343843	1030152	negative	permuted_negative		GCTCCAGGTGAGTGGTGTTGCAGCACAGGTGGCCTTCTTTTAGGGACGCT
561	ILMN_1343500	5050438	negative	permuted_negative		AGGCTACCGCTCCCTACCCTGGTAACACACCAGCCGTGTGGATACCTAAA
562	ILMN_1343494	1780026	negative	permuted_negative		CTAAGCCATTCAGCTGGGATGATGAGTGCTGTCAAAGACAACATCTGAGG
563	ILMN_1343771	4640452	negative	permuted_negative		GTCAGGCTGTCCCTTACTTTCGGTGATAAAAAGGGTGGTGCAGAAGGTCT
564	ILMN_1344029	6100228	negative	permuted_negative		TCTTGCAATTTCCCCGTTGACGCGGAGGGACATCACGCAAGATCGCCTGG
565	ILMN_1343694	6370482	negative	permuted_negative		CAAATGGAAACCGGTCAATTGAAAGTCGCGAATACAGACAAGAATGGTTA
566	ILMN_1343411	670154	negative	permuted_negative		CTCATCTTATCCTACCACCATACTTTCCTTGGTTGAGCGAGTGTTCTAAC
567	ILMN_1343602	5820750	negative	permuted_negative		ATTCCGGTGAGGAGAACGATGCGACAGAGTGAGATAACGAGCGGGCTTCG
568	ILMN_1343508	2370079	negative	permuted_negative		GGCTTCTTCACCCCTCTGTCAACGCATGCTCTAAAAGACTCCGCTGTTCC
569	ILMN_1343810	2760619	negative	permuted_negative		GACCCTGCACGACCGTTGTTGAACCACATCCTTTTTTACATTTATCCTGC
570	ILMN_1343920	2600112	negative	permuted_negative		CCATGTGGGCTCGTGCTGAGTGACCCTCTCTCTCCGGATTGTATGGCATG
571	ILMN_1343690	6270224	negative	permuted_negative		CGCAAACTAGTGCAGTAATGGGCGACACGATGATCAACGCAATAAGGACC
572	ILMN_1343526	5570403	negative	permuted_negative		CTGCTGCTGCTTAGGCCACCCGGTTCTTCGGGCAGACAACGAGCCAAAAT
573	ILMN_1343697	2340100	negative	permuted_negative		GAACATACCCCTGGATCACCCTCACTTATGTCCACTCAACCTGCGGAGTT
574	ILMN_1343471	5220440	negative	permuted_negative		AGAGGATGCATAGACAGGGAAGCGTCAGGACAATGCGTCGCCACCTGGCT
575	ILMN_1343459	5260438	negative	permuted_negative		ATCGTAGCAATCAAAGTTACGGCCTCCAGATTTGGCCTTGGGGCTTACCA
576	ILMN_1343430	7040377	negative	permuted_negative		CCCTAGAGTGCTGTTGGACGAAGTTAGCTAGAGATATCAAGACAGGTGCC
577	ILMN_1343413	4050360	negative	permuted_negative		ACGACTTCGGAAGGGAAGCATGCAAGGAGCAACCATTAACGGGAGCCAAG
578	ILMN_1378484	3310017	negative	permuted_negative		ACGAACATCCAGTACGGCACGCGACCGACACCATCGAGCAGTACCTCTAC
579	ILMN_1343825	6350554	negative	permuted_negative		AAGCCTACTCAGACTTAAAAGGGAATAGAATTGGTCCATGGCAGGGGTCA
580	ILMN_1343560	3190039	negative	permuted_negative		TGCAAGATTTGGACGAGTCTGCCACACCTCCATTGATAGTCCCAAGCCTT
581	ILMN_1343982	7570747	negative	permuted_negative		GACCGAGGGCAAGTGTCCCCTACGTTCCGCATCCTCCAGCTATTCTTAGC
582	ILMN_1343586	7550537	negative	permuted_negative		GGGCACACCTCCTGGTCAACCTACGCAGAGGGATGTCAAGCTCCGAATCT
583	ILMN_1343573	2100184	negative	permuted_negative		CACGAGCGGCTGCCACTTTAGTCGCATGTGGCGAAACATAATTTCCACAG
584	ILMN_1343325	2970438	negative	permuted_negative		GTCAGATGAGTACAGTGAAAGCCCAGTGAAGGGGATTTTCTGGGTCTGGT
585	ILMN_1344046	2350292	negative	permuted_negative		CTGGCTAAGGTCAGTCCCCTCTCGACTTCCCTCTAATGTCCCGATAGCCC
586	ILMN_1343687	5910372	negative	permuted_negative		ACTGGGTTGCCCCTCTTGTGCGTGCACTGTTATCCTCCGTGCGACAGCAC
587	ILMN_1344009	6520184	negative	permuted_negative		AGAGAGAGCCAAGGGAACGGTAGCCTGAAGGACATGAACACGGGCAAAGC
588	ILMN_1343622	2360722	negative	permuted_negative		AGCCGCGACCTGAAGCAGCACATCGCCTCACGCTCGAGTATAACTTCCAC
589	ILMN_1343910	3400414	negative	permuted_negative		CCTGAGATAAGGGGCTTAATGCCCTCAGGGACCAACTGAACCTGCAAAAC
590	ILMN_1343667	5090017	negative	permuted_negative		TTGGACTCCGATTAACTGAATACAGCCGTCCCCCACAGGTGCGAAACCAG
591	ILMN_1343963	1410626	negative	permuted_negative		GGGGTGGGCGGGCCATGCTTACACTCCTCAGATTCAGTGATTGCCACCCT
592	ILMN_1343730	4780056	negative	permuted_negative		CTCCTACCATCTCACTAAGCTCCCCTATTTCGGCTCCAACCTGGGCTTCA
593	ILMN_1343569	7650093	negative	permuted_negative		AGGGAAAGTTGATGAGTCGTGCTAGAGGACCTGCCGAGGCATCTGGGGCT
594	ILMN_1343571	5900093	negative	permuted_negative		CCGTGCGCAACCCCACAGCTCGCGGAGGTTCACTACCCGAAGGATTTTTT
595	ILMN_1343348	2570053	negative	permuted_negative		TTCAGGGCCAAAGCCTCCAGCGGTACTCATTCAGTCAGACTTTCTCTGGA
596	ILMN_1343601	730154	negative	permuted_negative		AGATCCGACAGATCGTCTTGTTGGGATCCGATTGGGATGTGTCAACCAAG
597	ILMN_1343783	5820243	negative	permuted_negative		CCAGTGGCCATTTCGTGACCTCCTGCATTTCTCATTAGCATTAAGATGAC
598	ILMN_1343752	5900139	negative	permuted_negative		CTGGGAGTCCATGACAAGGAGGGGATTGGTTCCCTAATTCTGCAGCTCCT
599	ILMN_1343774	4540576	negative	permuted_negative		GACTTCCCCATCGGTCCACAGAACCCGAGATCTTCCCCAGAGAGTTCACC
600	ILMN_1343985	1510672	negative	permuted_negative		GCCAAGTCGTGGGCTTAGTGTCCTTTACGTGAACTAACAGCCAAGCATGG
601	ILMN_1343298	6280026	negative	permuted_negative		CTTTGTACTCAGGCCCACCCCCCTCTAGTTGTTTCTTTACATAAATGTTC
602	ILMN_1344043	430475	negative	permuted_negative		GGGTTCTGATGGTGCACGTGTATTCCACGCCGGCAGCAACCTGTACGGAC
603	ILMN_1343684	1850725	negative	permuted_negative		AGGAGCACAAGGTCTCTTGGTAAGTGACTATCGGGGTGCTAGGGGCCTGG
604	ILMN_1343896	1820309	negative	permuted_negative		CACTTTGTGACAGGGTAAGGACTAGTGCCCAAAGAATCAGTTGATCCGGA
605	ILMN_1344045	4220553	negative	permuted_negative		CTACTGAGTGACGAGCTTTACACTAGAGTGGCTTTGTGCTTACTTCTACC
606	ILMN_1343378	6560129	negative	permuted_negative		GGAACTTGTACAGAAGAGATGCCGGATTAAGGGATTGGTATGCCTCTCCA
607	ILMN_1343822	3390546	negative	permuted_negative		TGCCAGACCCCGATGCGACTGAAAGGGAGTGGAGCGAGTTGAGCAAGCCC
608	ILMN_1343937	580379	negative	permuted_negative		AGTAGACCAATCGAGCTGCGTGCTGATAGGACACCCCCGGCGATTCTCAT
609	ILMN_1343954	4060228	negative	permuted_negative		GCACTGTGCTTCGCAAACAGGAAAGGTGAACGCCAAGCCAACCCCCGCAG
610	ILMN_1343802	4590056	negative	permuted_negative		GTCTCCCTTTCCGATGGCACCACATGTGTCCTATGCTGCTACGCAGCCTC
611	ILMN_1343337	1400278	negative	permuted_negative		CCCACCGGGGAGGTTCTCTTTCGTGTGAGGGCTTAGTTCTTTGCTGCATC
612	ILMN_1343388	2850156	negative	permuted_negative		AACTTCGAACTGAGGTTCAATCCCTGTTTAAGGACGTGGAATGTTGACCC
613	ILMN_1344062	2490747	negative	permuted_negative		TCGGTGGCAGCATAGTTGTGTCTGGCGTAGGAGCTTTCGGGTGGCGGTTT
614	ILMN_1343419	6770598	negative	permuted_negative		TTGAACGAGAGCCCTGGCCATACCCAAACCAGAGGGGCGGGTTAGTTCAC
615	ILMN_1343501	6860364	negative	permuted_negative		CCACGCCCATCCCGGTAGGTGCGCATAGATTCAAAACGATGGTGTGCAGG
616	ILMN_1343704	1660474	negative	permuted_negative		GTGCCGAGGTCCATACTCCAGAACCCGTTCCTCGTCGTCCCATCTTCTGT
617	ILMN_1343581	6650685	negative	permuted_negative		CCCCTGGTCGCACAGGCCTATCATCTAAAAATCTCGCCTCATTCACTAGC
618	ILMN_1343577	4490392	negative	permuted_negative		CGAGCCATGGTTGATCGAGCAGCGCAATTGGCGTGGAATGGGGAGTTGCA
619	ILMN_1343383	1440424	negative	permuted_negative		CTGTGACCCACATGTCCTTCCGCTGATCACTCACTATGCCTCTGCCTTCC
620	ILMN_1343642	6980102	negative	permuted_negative		GAGCAAGACGTGACGGGACTCTTCCACCCTTTATCAGCTCGCCCGCTTCT
621	ILMN_1343669	7560121	negative	permuted_negative		CCATGTCCCGTCAAGTTTTGGGCTCAGGCACTTAAAAGTAGACCCCACAG
622	ILMN_1343583	3710379	negative	permuted_negative		GTCCAAAGCGCAGCAGGGACTGAACCAGATGTGACTCTATGGAGACGCCT
623	ILMN_1343819	840603	negative	permuted_negative		TCAACGAGCCAGAGAGCAGTGTGTTTCGGTCTTCCGCAATCCTTGGCCCC
624	ILMN_1343681	5260332	negative	permuted_negative		GCCGGAAACATACTGCAGAGTGTACAATCCTGTGATGCGAACCATCCTAC
625	ILMN_1343486	5090075	negative	permuted_negative		GCAGAACAGAACGTGCGAAACTAGGACCCTGGCAAACTAGCGGACGAACA
626	ILMN_1343708	290576	negative	permuted_negative		GGCGAGGCACGAGCTTGAATGACTGGGTAAACGGATTTTGTGTACGACAC
627	ILMN_1343659	150731	negative	permuted_negative		ACCCCAGAAAGCCTGCTAACACCGTTTGCGCTTTTGACCATAAATATTGT
628	ILMN_1343402	1090343	negative	permuted_negative		AAGAGACGGGATGCCGAGCCTAAGCCATTAAGTGACCCGGGATTCTGGGC
629	ILMN_1343362	4830403	negative	permuted_negative		AGCGATAGAAAGCCCGGCCAGGTGATGGACATTGGTCAAGATTCCCCTTT
630	ILMN_1343343	2140477	negative	permuted_negative		TTTTACCCTCCCGTGCCAAACGCTCCGGTTCCGTCTCCCTTAGCCTAATT
631	ILMN_1343793	3120358	negative	permuted_negative		CAGGCCGACACTTTCAAGCAGACGGATCGGTGCGGGAGTGGCCTATGGAC
632	ILMN_1343933	6520685	negative	permuted_negative		CTGGTGCTCGATTGGTTCCTGCCCCTTTATGATCGTGTGTGCAACCCCGC
633	ILMN_1343788	940594	negative	permuted_negative		CTTGTGCATTCCTGGCTTGCTCCACCGTACGTTATACTGTGCGGGCATCG
634	ILMN_1343329	6060411	negative	permuted_negative		CAGCCTCTTACAGGATTTTGTGCGTTCTGTTTCAATGACCTAACCTGTGG
635	ILMN_1343934	1170681	negative	permuted_negative		ACAAGGCCAAGGAGGTGAACTCCACCGGAGCACTCTCATCACAGGCAGGT
636	ILMN_1343739	7550400	negative	permuted_negative		TCCGGTTTACAGTGTGACTCAAGGGTAGCCGGGCCGAGATTAGCAGGGGA
637	ILMN_1343903	510367	negative	permuted_negative		AAAGCTTCATGGCACGCAGGATCGATAATCCTGGTTACTATAGCTCCCAT
638	ILMN_1343338	3390358	negative	permuted_negative		ATTAGTATCGTGAGTCCATGTGCGAGATTCCCCGTGCGCAGGGCTTTTGT
639	ILMN_1343842	2260347	negative	permuted_negative		GATGGGAGCAACTAGGCAGAGTGCGGCAGAGTTCTAAGGGCTTACCCTTG
640	ILMN_1343656	2070040	negative	permuted_negative		TAACTGCTAGCACCCCTTCTGACGCCCCTATATCTTGTTAGTTCGGCCCT
641	ILMN_1343832	3940441	negative	permuted_negative		ATAAGCATAAGCGGGACACAAGGAACTTTGCACATATTCACGTGCTGACC
642	ILMN_1343820	4260546	negative	permuted_negative		ACCCTCGAGACCTTAGACGGCGGAAAGGCCTCAACCATGCTTGTTGCAAA
643	ILMN_1343870	3130164	negative	permuted_negative		GCAGTCTCCTTGCTGCGTTTTACGCCTGGGGGGCGTATTTTTGCAGGGAG
644	ILMN_1344070	6220128	negative	permuted_negative		AAGTGAATCAAGCTTTCATCTGCGTCACTCCTCGTCAGGCCTCTAGGGCT
645	ILMN_1343792	4900358	negative	permuted_negative		TAGCCTGCGCACACACAAAGCGGATCAGTAGGGCCCTCCCTAAAATGATG
646	ILMN_1343478	3140451	negative	permuted_negative		CGCCACGAAATGCCCCGGTTAAAGATAGCCAGCGTTGTAGTACCAGGGCA
647	ILMN_1343418	5550424	negative	permuted_negative		TTCCAGCGCAGTAGCGGGCATTAATCATCCCATGCCCCAGCTCTAGCGAC
648	ILMN_1343973	5560458	negative	permuted_negative		GTCCAAGAGCGCCACGCCGAACCAGTGACGAGAATCATGTGCTCTGACAT
649	ILMN_1343328	6900189	negative	permuted_negative		ATCACCACGTGGATTGAGCCAGCGTCCTTGCGGTAACTTGCTTACTGGAG
650	ILMN_1343983	7210097	negative	permuted_negative		TCACCTTTCGGAAGCTCCGCCTAGACGTTTCTCCTCACGCCGTTGCCCTC
651	ILMN_1343865	2750110	negative	permuted_negative		CGTCCCAGCTTTTTCACTCCTCCCACTCTACACTGTACTAGCTGCCACCA
652	ILMN_1343873	3520403	negative	permuted_negative		TTGGCCCTTCCAAAATTCTCGGGGCCCTCCGTCAGGCCGGACCACATGAA
653	ILMN_1343594	6280343	negative	permuted_negative		CAGGTCACTCCTTATTGTTTACCGCTGGGTCTTAAATTAGCGTTCAGTAG
654	ILMN_1344039	1410324	negative	permuted_negative		AGAACAAGAGGCGACCAGAGACAGACGACACGCCAGAGGAACCTCCGAGA
655	ILMN_1343558	7550148	negative	permuted_negative		GGATTAACAACTCTGGTGCATTTGGCACACAGCCCGAAGCCGGATTACCG
656	ILMN_1343363	5080193	negative	permuted_negative		TGGTACTCACTTGCATCCCCAACGTGTGCTGGTCTGCCATGTGTGTGTTG
657	ILMN_1343724	2190382	negative	permuted_negative		ACCTTGCAGGGGGGACTATTTTTTGCATACGGTGTGTCCTTCTATGCTTT
658	ILMN_1343997	4210471	negative	permuted_negative		TTAGCTTCCTAGGCCGATAATGGCTTAACTTCCCCATGTCTGGTGGCGGT
659	ILMN_1343630	610326	negative	permuted_negative		CAGCTGTGGGGTCAAGGGCCGATGGGGGAGCTGTGTAATGGAAAGAGACA
660	ILMN_1344048	6770050	negative	permuted_negative		ACCCTTTCTGTCGATAGCCCTATCAGCTGTTGCCCGTCTGGGTGTGGACG
661	ILMN_1343953	6100743	negative	permuted_negative		GAGTAGGTGGAGACTCGAATGAGGATTGATTGATACCCTTTTATGCCTTC
662	ILMN_1343895	3120538	negative	permuted_negative		TCAAGCGAACACCTGGAAGGGAGATGACTGTGTGGAAACTGATTATGCAG
663	ILMN_1343713	4880670	negative	permuted_negative		CCAGGTGCACTTCCTATGTCCCCGTTCACGTGATGAAGACTGTAGAGCCT
664	ILMN_1343559	1230367	negative	permuted_negative		ACAGCCTGCAGCGCATTGAATTCGGCACGTAATTTAGTCAGGCTTCCCTG
665	ILMN_1343436	3870040	negative	permuted_negative		TGTAGGACCCCTTGCTGCGCGTGAATACGCTGTGATTGGGAGCGACGTGC
666	ILMN_1343568	6350528	negative	permuted_negative		CCTTGTCCTATCGCATATTTCAGTGCGATACTTCCGTCGTCTGGGAGCGC
667	ILMN_1343537	70561	negative	permuted_negative		CCTGGTTTGTACGCGAGGTGTTCGTGATGTGGGGGTCTCACTGATCCTGT
668	ILMN_1344004	5720301	negative	permuted_negative		TAATCTGTATGCGGCGGCTCGCCAGCTCACCTCTACTTCAACCATGCTGT
669	ILMN_1343733	650408	negative	permuted_negative		GAGAGGGGCGAATCATGGGCATAATAAGGAAAAATCAACTTGGCCAGGCC
670	ILMN_1343737	6060088	negative	permuted_negative		TGCACCCGGGCGAGCAGATGAAGTGATTAGTAAGCAGATGTCGCCGCACG
671	ILMN_1343393	3990086	negative	permuted_negative		TCCGAAGACACGGCCCGCAGCGGACACAACTCGATAAGCCCACATCTTGT
672	ILMN_1343373	2900484	negative	permuted_negative		AACCCGGGAGGGGCACACCCTCAGGTGTTATTGCAGTACAAGCGCAACTT
673	ILMN_1343848	5870364	negative	permuted_negative		CGCGGTGGGTATCCAAGCTTAACACACAGCGGAGGCCAAACAGCCGCAAA
674	ILMN_1343949	2630750	negative	permuted_negative		CTACACCTATGACCTACATTGAGTGGTCCGCCACACAGAGCTTCAGGCAG
675	ILMN_1343353	6620070	negative	permuted_negative		GGGCTCGCACCCGTTTATAGGGCATGTGCAAATATCTCGCAACTACAAGG
676	ILMN_1343811	6590112	negative	permuted_negative		GACCCCTGTCACATAACTCCTCCTACGCCATACCCCCATCAGCTTGGTGC
677	ILMN_1343729	7330037	negative	permuted_negative		GGTATCCTGTCAGTAAACACCCCCACTAGTTGGCTTTATTTCCCGCTGGC
678	ILMN_1343632	1940762	negative	permuted_negative		GGGGGCAAGTGGCCTGGCTGTTTTGGCACCCATGACAGATCTACGTTTAG
679	ILMN_1343779	6940161	negative	permuted_negative		AAGAGAAATCTCGGGCCTAACGGAACGTGTGGGGGTGATTGCTTCTGAGG
680	ILMN_1343603	4150220	negative	permuted_negative		GCTTCGATCCCACCTATTGAACACAACCAGGTGCGCCTCAGCACGGTTGG
681	ILMN_1343747	3850546	negative	permuted_negative		TGCTAGTTCCTGAGTGCCGTGCCAGCTTCGAGAGCCAATCTGCAGTTGCT
682	ILMN_1378485	1070554	negative	permuted_negative		ATGCAGGGATCCCCCTTGTTACCGGGGAGGTGAAAAAGCTAACTCCACAG
683	ILMN_1343887	2600370	negative	permuted_negative		CTGGCAGGGCCCCCGTTATTCTCTGCGGTCTTTGCCAATCTTGCTCCAGA
684	ILMN_1343514	1570376	negative	permuted_negative		GGAACCGGTTTTGAACTAAGTAGGGACCTAGGGGGACAGTGTTTCTAGGC
685	ILMN_1343441	6220747	negative	permuted_negative		AGTGCTTTTAGTCTGCGCCCTACGTTGTGAGGGCTGATAGAATGGGCGGC
686	ILMN_1344061	2030497	negative	permuted_negative		TCCTAAGAGGTCCACGCCCAAGGCTAAGACCGGATCCCGAACAAAAATGT
687	ILMN_1343929	510592	negative	permuted_negative		TCGCGATGGGAATATGGTGAACTGGTGAACCGCAGGGCCCCCCTTGGCCT
688	ILMN_1343394	3170435	negative	permuted_negative		CCTCTGACTTGACCGCACATGTTTTGGTTCGATTCATGGGAGGGCCGACC
689	ILMN_1343466	4220682	negative	permuted_negative		CTTGAACAGCTACCACAAAAGGTACCCAACCAATGCATCCATGACTTAAG
690	ILMN_1343462	1850255	negative	permuted_negative		CCCAACGAGATCGACCTGAACCATGCGGCTACATCCGCAACATCTGCGAC
691	ILMN_1343882	2640021	negative	permuted_negative		GATGTTTAAGGGGCATCTAGGCCACTGGAGCCGTGTGGAACGCAAGTGAC
692	ILMN_1343376	4180187	negative	permuted_negative		GAAAGGTCCTGTGGAGTCTCTAGCTCAGGTCGCATCCCGGCACAGGCTTT
693	ILMN_1343387	4880520	negative	permuted_negative		ATGCTGCACAGACAAGAGACGCGGAGACTACACCCGCACAGGACGAAGAG
694	ILMN_1343991	7400187	negative	permuted_negative		AGCCCTCACCTACACTCCCTGGGGTCGCGTCTACCGTGTGATAAACTCAT
695	ILMN_1343808	1770707	negative	permuted_negative		ATAAGAACGCCTCCTCCGTATACCTCTTTTGCACCCACCAGTGGAGCTTC
696	ILMN_1343998	2970551	negative	permuted_negative		AGATGGTCACTCCACGGAGGGTTGGTTTAATGATTCGACACTAACAAGTG
697	ILMN_1343556	6060541	negative	permuted_negative		TATTGTGGGCCCTTAGAATGCGGTGCTGCAAACCCCCTGGCGCGTGTTTG
698	ILMN_1343392	4570133	negative	permuted_negative		AAACCTACACTCCCGAGAATGGCATGCCTGCCGACGTTGTACCTTGATTG
699	ILMN_1343821	7610669	negative	permuted_negative		ACCCTGTTCGTGAGCTTTTGATCTAGTTGCGCGGAGTTCTCTTGACCAGA
700	ILMN_1343728	5490056	negative	permuted_negative		CAGGGACTGTGAGGCCCGGGGGACATAATAGGGGAGCTGTGGTATGGAAA
701	ILMN_1343616	60056	negative	permuted_negative		GGGCAACCTTCACAGAAGAGGGGTGGGGATTAAAATTGCTTAGCGAAGCC
702	ILMN_1343777	10477	negative	permuted_negative		GAGCTCTCCTGTATGCCTATGATCTGCCTTCTGTCGCACTCGCCCAGTGT
703	ILMN_1343871	6980446	negative	permuted_negative		ACTGAGTGCCCACTCGTTGAGTTAATCTGGCGGACGCGCTGTGCACTCTG
704	ILMN_1343702	6560521	negative	permuted_negative		TGTTCACTGATCGGCGCTGGAGCTTGGGCAAGATCATTCTCGGGGCATGT
705	ILMN_1343696	3840543	negative	permuted_negative		TCAATGCTCTCACCCGCCGGTGCTTATGACTTATAGTGTCCCATTACACA
706	ILMN_1343300	6400180	negative	permuted_negative		CATACGCCGTGTGCACTCCCTGGCTTAGAGCATAGGAAGAGTAATAAGAA
707	ILMN_1344016	3060373	negative	permuted_negative		ATGCCTTAAGAACCCGATTTAGCCAGGACGGGCCCATGTTTATGGTGACC
708	ILMN_1343676	610746	negative	permuted_negative		GACTGATGTGAAGATGGGTGATGTAAATGGTTCCAATGCACGGGTTGAGC
709	ILMN_1343316	3120333	negative	permuted_negative		TTTGTGTAGGCTGCCAAAGATGCCCGCTGTAAAGGGCGACGTGCGAACAC
710	ILMN_1343990	670142	negative	permuted_negative		TGCCTTTTCGTATGCGCGTACAGCCTCATATTCTCTGGAACCATATAGGC
711	ILMN_1343340	7160520	negative	permuted_negative		TGCGGAGACTGGGGACAATTCGAGGGGCACAAGGACGGAAGCCTACTTCC
712	ILMN_1343625	7570743	negative	permuted_negative		AGTAGACAACTGAGAATAGCGCCATTGTGATAGCTGGCAGCGGAGCTAGC
713	ILMN_1343391	60133	negative	permuted_negative		GGGGAAGTCTGTGCTTCAGGTTTGGTCGTGGATTCGCTCGTGTCGAGTAC
714	ILMN_1343598	2140575	negative	permuted_negative		TGTTGGAAGCATACATGTAGGAGGGACACGCACTGAGGCCCGGATGGCTG
715	ILMN_1343818	270377	negative	permuted_negative		AACTGTCCTCATCGGGACTCCAGCTACAAAAGTCTTGAGTGCCCCCAGGG
716	ILMN_1343907	7210414	negative	permuted_negative		AGAAAAATCGGGACTGCCAGTGGTAAAGTTGGGGCTGACTCTAGCAGGTT
717	ILMN_1343911	1340093	negative	permuted_negative		ATCCGCTTACCTCAACCTCCAGACATCAACGAGCAGACCGCGCCGACGTG
718	ILMN_1344036	7050167	negative	permuted_negative		AGCCGGGAACGTATCCTTGGAGTCTTGAATTGTTCCTGTGATTGCGGCGA
719	ILMN_1343758	2070274	negative	permuted_negative		TCCGTCCTGTTAGGCTATGGTTGTTTTGTAAGGGCGGGGCATATGCGAGT
720	ILMN_1343355	6840102	negative	permuted_negative		GTCATTGGAAGGACAGGTGAGCCAGTAGCGATAGCGAAGATGGAAGTATT
721	ILMN_1343557	2360367	negative	permuted_negative		ATTGTAAACTAGGGCCAGAAGTGCACAGTTGACCAATGGGTGCTAGCGCC
722	ILMN_1343844	1690026	negative	permuted_negative		TCTAAACACGTGCTATTTCCTAGCCACCGGACACTCCCATCATGTCTCTG
723	ILMN_1344044	3840605	negative	permuted_negative		TATCTCAGTCTGGACGCCCAATGCCTTAGCCCTACGTCTATACCCTCAGC
724	ILMN_1344021	4570356	negative	permuted_negative		GGAACAACATGGTATGTGCAAAGTCCCCTACACGCGAATGGGTTTGAGCC
725	ILMN_1343546	1110014	negative	permuted_negative		AGCCAGACTGGATGGGTGTTTACGGCTTTGGGGATTGGGAGATGCCACAG
726	ILMN_1343434	2070286	negative	permuted_negative		ACAAACCTTTGTCTCACTTGCCAAGCCCCTAGTCCCTCCCCGGTACCCCA
727	ILMN_1343515	3840064	negative	permuted_negative		TGTCACAATCTGCCCCTCAAGCCAGCGAACTCGGCAAGGGATGTGTTAGG
728	ILMN_1343948	630373	negative	permuted_negative		GCTCATGCCGAAGGCCTGTGTTCGTTAAATTCGAGAATCCCCGTGGGAGT
729	ILMN_1343504	5270653	negative	permuted_negative		GGAGATCAGGCTGGTAAACCCGCGATAATAGGAGGATGCCAGAGAGCCAG
730	ILMN_1343978	6200092	negative	permuted_negative		CCGTGAGGAAAACCGCCCCAAGGTGGGCTCAATACACAACACTCTCTATC
731	ILMN_1343566	3850193	negative	permuted_negative		TGAACGCAGGGATTGCCTCCAAGCAAGAGTGAGACGACCTGCGACTGAGG
732	ILMN_1343561	270504	negative	permuted_negative		TCTCACGGGTGCTGCATTGCCCTTCCCTCTGTAACGGTGGATTGTCCCAG
733	ILMN_1343901	2570070	negative	permuted_negative		GAATCTGTCGCCGCTGGCTAGAAGAGCGAAGTGAGTGGGCACATGACTCT
734	ILMN_1343576	4150767	negative	permuted_negative		GGCATGTGTCTCGGGCAGCTACGTTCGTTTGGGGTGGGTGCTGACTATAA
735	ILMN_1343364	5870524	negative	permuted_negative		TTCACGCACGACGTGATCATCAAACCAAGATGACCTTCCGCCGGCTCGCC
736	ILMN_1343795	6980754	negative	permuted_negative		GAACCTGTGGCTGATTTGGGCGCAGTGGCTGCCTAGCTAGAAAGGAGGAT
737	ILMN_1343470	3360274	negative	permuted_negative		GGGATCCTGTTCCTTCAGAGCATAGAGCGGTCAAATTCCAGCGCGGACAG
738	ILMN_1343460	6860255	negative	permuted_negative		TGTAGCGGACCTATCGTTGCCCATCTACTACCCCGTGGTCTCGCATGCTG
739	ILMN_1343928	5720082	negative	permuted_negative		GCTACTAAGCTGTGCGAAGGAACGGACATACATGAGCCGACGCTAGAGAG
740	ILMN_1344050	4920059	negative	permuted_negative		CAGAGTATCCCCCAACAGTGTAGTGAAGGAGTTAAGCGGCACAACCACTC
741	ILMN_1343437	3140735	negative	permuted_negative		ATTTTCAAATGCCACGCCTCCGGGGCGATAAAAGCTACCTCACACCAAGG
742	ILMN_1343657	1500040	negative	permuted_negative		GAATTCTAACTACAGAGAATTTGACTAAGTGGCAGATCGTGCCTTTCCTG
743	ILMN_1343958	7380296	negative	permuted_negative		CCTCTGTTTACTCCGATCTCCCCGTCTCATCCCTTTTTCCGTGAGTGGTC
744	ILMN_1343511	1990100	negative	permuted_negative		AGCCTTGCGCCCCGATCTTGTGCCCCTGAGCCTAACATTTGTGCCTGAAA
745	ILMN_1343398	620373	negative	permuted_negative		TGTACACAGCACGTGGCCCTTAGTCCAGTAAATCAATGAGATTCGGGATG
746	ILMN_1343619	3170603	negative	permuted_negative		GGGAAGGCCCCTCATTCCGCAAGCCTAGCTAACTTCAAGAGTGAAAAACA
747	ILMN_1343538	6580102	negative	permuted_negative		CCACGGCAGGGCGACAAGACGCTGGCAAGTGGCCATGGTTCAATAACTCC
748	ILMN_1343335	840445	negative	permuted_negative		TCACAGGATCAGGCCATGTCTATGTCGGATGCCCTATAGGACTACCCTAG
749	ILMN_1343965	6040719	negative	permuted_negative		GGCTGTTTAGGAATGAGGAACAATACGTGAGAACCAGCCAAAGGGGAAAC
750	ILMN_1343608	4850671	negative	permuted_negative		GGAGAAAAATGGACAAGTAGGACCCCAAGCACCGCAAGCTCGTCCCACAA
751	ILMN_1343745	7610646	negative	permuted_negative		TGTGAAATCCCTGGTTTGCTGCCTATCCCATCTGTTACATGTGGCCTCCA
752	ILMN_1344034	7380228	negative	permuted_negative		ACTCCCCACACCTCCGCCAAGGCAAGAATCCACACATTACCACCCCTCCT
753	ILMN_1343927	4810301	negative	permuted_negative		CTAAACAATTTTGTTGGGAGACCTGTGAAGCTCAATACAGCTACGTGCTG
754	ILMN_1343750	7650307	negative	permuted_negative		TGGCGGATGCGAGCCATCGCCCAAGAAGACATTACTTTAACTGCGACATG
755	ILMN_1343472	6370209	negative	permuted_negative		CTCAAACCTCAGCTCGAAAAACTCCCTTCGCTACTTGCCCTCACTCATCT
756	ILMN_1343301	2680364	negative	permuted_negative		GGTAAGGGGATTTGGGTGCGACCAACAAGGGGTAGAACAAAGTGGTGAGT
757	ILMN_1344008	1710372	negative	permuted_negative		GGCCCGAGGCGTAGGCCAAAAGGTCCTCGCTCTTTGAGATTAAGGTTCCC
758	ILMN_1343864	940730	negative	permuted_negative		TGCTTAGCGGATAGGCAGTTGACTAGTATTAGACTCCGTAAATGCACGTG
759	ILMN_1343350	510538	negative	permuted_negative		TCGCAGGTTAGACCCGGATATTGGTCAGTCAGGAGGTCAAATTCGGGAGC
760	ILMN_1343365	4860386	negative	permuted_negative		GTCCACGAAACCACTGGTAAAAGCGAGGCGGTTCACAGGTACAATTTCAC
761	ILMN_1343618	4640338	negative	permuted_negative		CTGGGGGAAAAGTCTACTCAGTCTTGTGGGGCGGCGACCATTACTAGTTG
762	ILMN_1343540	5220382	negative	permuted_negative		GAACTATTCGGCCCAACCCTCGCACATGTGTGGCAACAAGTTGAGAAAAT
763	ILMN_1343502	3780653	negative	permuted_negative		CTGATTCCCGCTGCCCCTGTCGATGGTGTCTCTTTAACCTGGGCCCAACG
764	ILMN_1344026	7560095	negative	permuted_negative		GAGTCAGAGCTTAGGGTAGTGTCGGGAGGCACAGTTACTGGAAACAAGCC
765	ILMN_1343726	1090092	negative	permuted_negative		CTTAGCAAGAGGGGTGAACTTCTGGCGTGTATTTTCGGGCCGCACTGAAG
766	ILMN_1343648	4390050	negative	permuted_negative		GAACGTCCGCACGCTAGACAAGCACTCTACACCACGACTGGCACCCTAGT
767	ILMN_1343498	3180201	negative	permuted_negative		GATATGAGACAGGGGCCGTGCGGATCAATCCAACCCGTATTGGAGTTCAA
768	ILMN_1343512	5220201	negative	permuted_negative		GGATGTAAATTTCGTCCTGGTTCATCGCAACAGAATGCTGAACAAACGCT
769	ILMN_1343827	2140554	negative	permuted_negative		AGTGCTGGAGTCTTCTACTCCGGAATGGCGTGAGATCTGTCCACGCTCCA
770	ILMN_1343814	130307	negative	permuted_negative		GTCTGTGTTAGGGGTAGTTGCAGCAGATGTGAGGGAGCCTTCTCAAGCCA
771	ILMN_1343415	160626	negative	permuted_negative		CCACCACGGGTTCGTGTGGGGCGCCAATCCATAGCTTCTTTGTAGGCTGT
772	ILMN_1343551	1770068	negative	permuted_negative		CTCCTCTCTACTCTGGACCCTCAACGCACCTGTGGGTTTGCGCCTCAGGA
773	ILMN_1343756	3940468	negative	permuted_negative		GAGGCTAGGCGCTGAATCGCATAGGTTGGAGGCCGGTGGGGTTGTTACTG
774	ILMN_1343522	5360593	negative	permuted_negative		CAAAAGGTAGGTTCCGGCTTGCCGAATAGTGGGAGCCTGCTCTACCCGGC
775	ILMN_1343465	5910427	negative	permuted_negative		GCCTTCCGTCATGAGGATGCCAGACAGCAACACCCACCGAAGAAATCGAC
776	ILMN_1343530	5860563	negative	permuted_negative		AGGGTTCTCGCTCACAGGGTGCTGTACCACATCGGTCACTTTGGTCGTCA
777	ILMN_1343320	3520446	negative	permuted_negative		TGACCTATGGCTACATGCGCCCCAACTGGCCCAATAGCTTGTGGCTCGTG
778	ILMN_1343784	4150161	negative	permuted_negative		GGAGGATAGAGGCATACCTGCACGACAGATACCGGGGACAACAGCACAGG
779	ILMN_1343356	1510504	negative	permuted_negative		GCGTCCTCTACACATGCAGTATGTATGCCCCGCTTTTAGACCCTCCCCGA
780	ILMN_1343712	130500	negative	permuted_negative		ACGTGTTGGGGAGGCGACGTAGGGCAAAAGGTGGTTCTTGAACTTCGATG
781	ILMN_1343854	2680239	negative	permuted_negative		CTGAGATCAAACGGCAATACCACTGGTTGAGGAGTCAGAGAATGGCGTGA
782	ILMN_1343407	7050743	negative	permuted_negative		GAAAGTTTGGAGGGTTGAGAATCGTGAGGGAGAACGACGAGGAGGTTCTC
783	ILMN_1343916	5080093	negative	permuted_negative		CAGAGCCCAAAGGGAGAAACCCCCGACCTTCTGGGTGACTTCCGATTCAC
784	ILMN_1343764	3710615	negative	permuted_negative		TCACAGGGAGCTCGCGTCGGAGTGCATTGAGGGAGTCATCTAAGACCCGG
785	ILMN_1343970	2350475	negative	permuted_negative		CAATGCGTCACCGCTTGAAGTATGGAGTCGGCACATGCGGCGAAAGATGA
786	ILMN_1343358	1340148	negative	permuted_negative		GTAGGACACCACCATTTTGATTGACCTTTGCGCCCTTTTGCCTCCCTAGC
787	ILMN_1343590	4640431	negative	permuted_negative		AACGGATCGTAGTGGCTGACCAGGCATAGCAGGGACCAACCATACATCTA
788	ILMN_1343372	4760551	negative	permuted_negative		TCTCTTCTTTTCGCGTGTCAACAGTCGTGGATTCTGAATGAGTTCGGCCC
789	ILMN_1343635	4050167	negative	permuted_negative		CAAGGTACGGACTTCTACGAGTGAGGACAGAGCAAGGCGAGCGGACTGGA
790	ILMN_1343428	990341	negative	permuted_negative		AGCGCCGGACGATACCAACAACCCTAGAATGAGAGGCTGCTAAATGACGG
791	ILMN_1343786	780161	negative	permuted_negative		GGGATTTACCTTCGACCTCTGGGTGTAGCGCATGCTGTCATGCTAATCAC
792	ILMN_1343403	7570544	negative	permuted_negative		CTGGTCCCAAAGTCGTGTTCCGTTTCTCCGGCTCGAGGCCATCAAGGGAA
793	ILMN_1343479	1410692	negative	permuted_negative		ATGCTCCCCTGCTGTTGCGACCACTGACTACCTGGGGGACATGCGCTAAG
794	ILMN_1343487	4210768	negative	permuted_negative		GCAGACCTTTACTCGCCTTAACCGAGTCTTCCGAGAAAGACGAGCCTTGG
795	ILMN_3164734	430220	ERCC-00002-02	ERCC-00002-02		AACCGCGCAATTATCCCCGTCCTGATTTACTGGACTCGCAACGTGGGTCC
796	ILMN_3164750	6370471	ERCC-00003-01	ERCC-00003-01		ATTGAAAGTTTGGGAGGGACTATTCACAGTATAGATGAGGTTGTTGCAGG
797	ILMN_3164765	6940240	ERCC-00004-01	ERCC-00004-01		CCATTTCCTTAAATTCTTCTGGGTCTGCTGACAAAGCATGATCAGGACCT
798	ILMN_3164808	60372	ERCC-00009-01	ERCC-00009-01		GACACGCGCTTGACACGACTGAATCCAGCTTAAGAGCCCTGCAACGCGAT
799	ILMN_3164838	3870280	ERCC-00012-01	ERCC-00012-01		CGCCCTGTCCACTCTACTCAGGCGTAATCATCGCGGAAGGCTATCCACAG
800	ILMN_3164858	1010100	ERCC-00013-01	ERCC-00013-01		GGCTTGCAGGAAGCAAAACCAGGTGAACGTTTGTCGAATATTTCCCACGC
801	ILMN_3164875	2970682	ERCC-00014-02	ERCC-00014-02		GCCAGTTTATCCCGTCAAAGGATTCCGTTTCTACTCCTCTGACGAATGGG
802	ILMN_3164905	1450040	ERCC-00016-01	ERCC-00016-01		CGGATTAGGAGGCTTACGGGGGAACCTACAATTGTTCGCCGCATGGTCCG
803	ILMN_3164915	5130189	ERCC-00017-02	ERCC-00017-02		GGGAACCGAATTACACAACGTAAGGACGTACCTGCTCCTACCCCCGAACC
804	ILMN_3164950	4880307	ERCC-00019-01	ERCC-00019-01		CCCTAGGTAAACACGGTCGTTATCCCCTAGAGCGTGAAGCGGCTGTAGAT
805	ILMN_3164979	1070725	ERCC-00022-02	ERCC-00022-02		GTAAGCCGGCGACATATCTAGCAAAACATAGTCCCCCTTCTGCTCAGAGG
806	ILMN_3165007	6940193	ERCC-00024-02	ERCC-00024-02		ATGGACACCCGTAATCGTGCCCAAGTTTAACTGGTCGGTAGGTGGCAGGC
807	ILMN_3165027	4120470	ERCC-00025-01	ERCC-00025-01		TCGCAAAAGGTTGTCTAGAAAAGGGCCGTGCGCGCAGTCTACTGCTACCG
808	ILMN_3165033	780445	ERCC-00028-02	ERCC-00028-02		TCGGTACGCTCGAAAGCGCAGGTGGCTCCCAAATCGTGGGGAGTTAATCG
809	ILMN_3165086	1300039	ERCC-00031-02	ERCC-00031-02		GGCGAGGAACACAACAATTCTGCGGGTTAGCAGGAAGGTTAGGGAACTCG
810	ILMN_3165100	4560477	ERCC-00033-01	ERCC-00033-01		TCCTTGGGAGCTGCAATGGCTGCAAGTGGTGGTATCGCCTTATATCACGC
811	ILMN_3165113	5260497	ERCC-00034-02	ERCC-00034-02		CCGAGTAACGAGCCAGACTAATCCGGAACATTCGTAAGCGATAGTGGTTG
812	ILMN_3165130	2030731	ERCC-00035-02	ERCC-00035-02		GGAGCCCTAAATCAGTTAAATACGGGGAAGGAGTCTCGCCCTCCGGGTGA
813	ILMN_3165170	6040278	ERCC-00039-01	ERCC-00039-01		CAGGTCGCTCACGATCGGCGTGCGCATTTTCGTGAATCATGTATAGTGGT
814	ILMN_3165190	6350025	ERCC-00040-01	ERCC-00040-01		AGGTACGTCGCTTCGACCAGAACGAGAGTTCGCAGCAAGGGGGAGGAGTT
815	ILMN_3165201	2320315	ERCC-00041-01	ERCC-00041-01		CATCCCAAAAAGGGCAAGAGATTGCTCCGGAAGATTTGTCTGCCAGTTCC
816	ILMN_3165218	7570685	ERCC-00042-01	ERCC-00042-01		GGGATTCCAACATGGTCTCTGAATACCTTTGGTGCTGCCCTGTCCCTCCT
817	ILMN_3165229	2320427	ERCC-00043-01	ERCC-00043-01		CTGCTTATTAGCAATTGCTGGAGGAGTTGGTGTGGAGAATGTTGAAGAGC
818	ILMN_3165245	4730551	ERCC-00044-02	ERCC-00044-02		ATCCACGCAGTCCGAGACAGCGCACACTCGCTGTAGAGGGTTTCAATCCG
819	ILMN_3165277	1980008	ERCC-00046-01	ERCC-00046-01		GGGTATGCTGTTCGATTTCTTAAAGGACTGAATATTCGGTGGCAGTATGG
820	ILMN_3165303	1990497	ERCC-00048-01	ERCC-00048-01		GGAATAGTGCAGGACCCGAAACCGCCATAGGGAAAGGGTGAGCGAGGTAG
821	ILMN_3165334	290369	ERCC-00051-01	ERCC-00051-01		GTAGCTGGGGGAATTTTGCTCTTTAAAATAGCTTGGGACATGCTTCACGC
822	ILMN_3165363	5260356	ERCC-00053-01	ERCC-00053-01		CTGCAATGCCATTAACAACCTTAGCACGGTATTTCCAGTAGCTGGTGAGC
823	ILMN_3165378	1820215	ERCC-00054-01	ERCC-00054-01		TCAGTTGAGTGGAGGGCAACAACAGGAGTTGCTATAGCGAGGGCTTTGGC
824	ILMN_3165415	70278	ERCC-00057-01	ERCC-00057-01		CCCGTATATGGGCTCGGTTGACCTCTATTGGGCGTTGTTGACCCGAATTC
825	ILMN_3165426	5570400	ERCC-00058-02	ERCC-00058-02		GGCAAACGAATACATGGAAAGTGGGGCCGGTCGGATCACCAAGATAAGTG
826	ILMN_3165438	5360059	ERCC-00059-01	ERCC-00059-01		AGGGTCGGCTCAACAGTGTATCCGGTGGACAAGCACTGACACGCGATGAC
827	ILMN_3165457	450059	ERCC-00060-01	ERCC-00060-01		GCACTTCTAACGATTGGCTCCTCCCCCTCTTTTAAAACAGTTCTTTAGCC
828	ILMN_3165474	2370458	ERCC-00061-02	ERCC-00061-02		TCACGGGCCCTGATACTGGTCGAAGTTGCGCCCTATGCTTACACGGCGCA
829	ILMN_3165484	6760035	ERCC-00062-01	ERCC-00062-01		GTTCTGGACTTCCTGAGGTTGGAGAGACATTATGTTGGTTTGAAGGAGGC
830	ILMN_3165533	5890475	ERCC-00067-02	ERCC-00067-02		AGGTGCGAGCAAACGTCTGGTGCTCTAATGGCAAACATCTGCAATCAGCG
831	ILMN_3165547	2970424	ERCC-00069-02	ERCC-00069-02		CCCATGGTGGCTGATATAGAAACATATCCTCGCGGACTTCATCGCCGGGC
832	ILMN_3165565	4230037	ERCC-00071-01	ERCC-00071-01		ACAGAGTTAAGACTTAGATCAGCGAGCAGGTGTACGCCCCGGACCTTGGG
833	ILMN_3165590	7330465	ERCC-00073-01	ERCC-00073-01		CGTCGCATTCTCTCACGTTACGGCTGATTCTCTAGGCTTACGCGCATGAG
834	ILMN_3165604	3710431	ERCC-00074-01	ERCC-00074-01		CCCATCTTCTTTGAGAGTTGTTGGTTTATGCTCATCCCTACTATAACCCC
835	ILMN_3165619	70477	ERCC-00075-01	ERCC-00075-01		CCCTAATCCCATACTTACAGATTGTGTGCTCATGACTTCCACAGACGTGC
836	ILMN_3165638	2320487	ERCC-00076-02	ERCC-00076-02		TCACGTGGACCAAAGCTGATTGATTACGGGACTGGCCGTAAGTGCTGCCC
837	ILMN_3165650	6900164	ERCC-00077-01	ERCC-00077-01		TGGAGTTATGCCTATAACGTCATGTTGGACAGACCCCTGTTTGAGCAGAC
838	ILMN_3165668	240370	ERCC-00078-01	ERCC-00078-01		CGTTGGGCGCTGTCCAAGGTACCCTCAGTCTGTATTTCATGCCCTCAAAT
839	ILMN_3165687	4050528	ERCC-00079-01	ERCC-00079-01		CGGTACGACGTTCATTTCCTCTGCTTTGGAGTTATCAATTCGTGACCCCG
840	ILMN_3165699	290433	ERCC-00081-02	ERCC-00081-02		CGTCGCTTAAACGTTGGTTCAGGGCTCCATATATACATCTGCCGTGCCCC
841	ILMN_3165727	70474	ERCC-00083-01	ERCC-00083-01		CTGCCTGGAATCTTCCACCTTTATGGTAGAGTATTGCTTGAACTAACCTC
842	ILMN_3165745	1400612	ERCC-00084-01	ERCC-00084-01		CTCGCTGTGAATCTACTGCAGAACTATGGGTTTGCTAGCGCGCCGGTATC
843	ILMN_3165757	6560370	ERCC-00085-01	ERCC-00085-01		CGGATTCATTACCGCTCCACCGGCAGCGTTCCGTTACATCCAACTAGGTG
844	ILMN_3165768	2070379	ERCC-00086-01	ERCC-00086-01		TGCAGTTGGAGGGATGGAGCAGAGAAAAATACACATGTTAGCAAGGGAGC
845	ILMN_3165829	20678	ERCC-00092-02	ERCC-00092-02		TGGGTAGCTAGTCGCGGAGGCACGTTACCGCGCACAACCCCTATTCGTTT
846	ILMN_3165877	780201	ERCC-00095-01	ERCC-00095-01		TGCAGTCATCTTTAACCTCATCCCACAAAGCCGCTTTCTTTAAAGCCCAC
847	ILMN_3165896	3890619	ERCC-00096-02	ERCC-00096-02		GACCTAATTGGCGCACAGTACTAGGCATCGTCATCCAATGCGACGAGTCC
848	ILMN_3165903	540114	ERCC-00097-01	ERCC-00097-01		GTGGTATCCACACCATAAAGGGGCTACGCCCTCTTGGGATACTCCCCTAA
849	ILMN_3165920	940086	ERCC-00098-02	ERCC-00098-02		GTACGCGCCTGGATAGATCGACGGCTGTTTAATAAGAGTCACTCCAGGCC
850	ILMN_3165933	2710279	ERCC-00099-01	ERCC-00099-01		TTGATTCCAGGGGCCATGCAGGAGCTTGAAGCACTCGGCTGCAAAGTGAG
851	ILMN_3165993	360634	ERCC-00104-01	ERCC-00104-01		GGTGTCTTGCATAGCCAAAGCTAAAGCTAAACCCCTACTCCTAAACCAGC
852	ILMN_3166057	1340064	ERCC-00108-02	ERCC-00108-02		CAGCTTGCGCCTATTATATGCCTGACGCGGGATCTATCAGAACGACTCGG
853	ILMN_3166075	5960474	ERCC-00109-02	ERCC-00109-02		GACGCAACTAGATCATGGGAGTGCCCCAAGTAAAAATTGTGTGTCAGGGC
854	ILMN_3166098	1980026	ERCC-00111-01	ERCC-00111-01		ACATCGCGCATTGGGGGTCTCGGTCAAGAGGAGCGCGTAAGTAAAGACGC
855	ILMN_3166114	4590193	ERCC-00112-02	ERCC-00112-02		CCCGATTGGATTATGGCGAGCTGCCGCATTGACGGACATACCTTTGAACG
856	ILMN_3166132	6400259	ERCC-00113-01	ERCC-00113-01		GTGTATAATGTCTCGGACCCGTCGCAACGGTTGTTAATATGACAGGCCGC
857	ILMN_3166177	6220286	ERCC-00116-02	ERCC-00116-02		CGGTGATCCGGCTAAACCTCTGGGCATCCGTATTAAGCGACATTCCTACG
858	ILMN_3166194	5870615	ERCC-00117-02	ERCC-00117-02		GCGGTGAGTCACGTACGCAGACCTGAAAATTAAAGATCCGGACAGGCCCG
859	ILMN_3166223	540228	ERCC-00120-01	ERCC-00120-01		CGTACCGCGCGAGTGACACGCGTTGACGTTACATGGTAAACTCGTAGCCA
860	ILMN_3166238	510202	ERCC-00123-01	ERCC-00123-01		AACGGAGGTGTTCCAAATGCAGCTGCCTTCCTAACATGAGGGTCCTCTGG
861	ILMN_3166255	5570482	ERCC-00126-02	ERCC-00126-02		CGAGCGCGCGAATGTATACACTATTATCTCATGTGCATGTCCAGAGCGGG
862	ILMN_3166311	4010240	ERCC-00130-01	ERCC-00130-01		CGAGTGCTGACAGCTATGAAGAAGACCTCCTTTTGCCACGCTGGACCCGA
863	ILMN_3166325	1450220	ERCC-00131-02	ERCC-00131-02		AAGTAATGTGAGCGTACTTCACCTGCTCCGGTACAAGCCGCCATGTGCTC
864	ILMN_3166368	670687	ERCC-00134-01	ERCC-00134-01		AGTGACGCCTCCCCTAATATAAGCGGTTATTGGGATATAGACCACGCTCG
865	ILMN_3166404	6550369	ERCC-00136-01	ERCC-00136-01		GAAGAACTTGGACTCGGACTTCGCAAAGACGATGACTAGTTTCCCTTGTG
866	ILMN_3166414	4780739	ERCC-00137-02	ERCC-00137-02		CAAAAAAGCAGCCGGGGAAAAGGTGGTCTCGCCCGAAAGCCATGACCTCC
867	ILMN_3166430	1710435	ERCC-00138-01	ERCC-00138-01		CCACAGCATCCCAGTCGTGAATTAAGTATAAAGCAACTCCACCAATGTTC
868	ILMN_3166475	6350242	ERCC-00142-02	ERCC-00142-02		AGGCCCTGGTTTCCATGGGTCAGCGCAAGTACAGGCGAGCAGATACAACC
869	ILMN_3166491	7510242	ERCC-00143-01	ERCC-00143-01		CGGGCGGCTATTGACGAACTCTCCGGTATATGCTCTACATCTGCAGGGAA
870	ILMN_3166504	6060692	ERCC-00144-02	ERCC-00144-02		GCTCGTCACCAACTCGTCACGCGATCGAAATAGCTTGGACTAATGTCCGG
871	ILMN_3166519	2680349	ERCC-00145-01	ERCC-00145-01		CTGCTGGGTGTCCATTGCCATATCGGCTCGCAAATCTTTGATACGGCCGG
872	ILMN_3166551	4050220	ERCC-00147-01	ERCC-00147-01		GGAGGAAGGATTGGAGAGTGTCCAGGGCATTTTGGGCATATAGAGTTGGC
873	ILMN_3166569	4890220	ERCC-00148-01	ERCC-00148-01		GCCATGCTGAGTAGACCTGGCGTCTACCCCTCCAAACGCATTCTTATTGG
874	ILMN_3166578	7320692	ERCC-00150-01	ERCC-00150-01		CAGGTGGGCACAAATAGCTAAAGCCTCGTCCGCATTACGCCCCATGGCTC
875	ILMN_3166596	380170	ERCC-00154-02	ERCC-00154-02		GTTGGTCCGAGGAGGCATATAGGAAACGATGGGCACGCGCTATTCAGACG
876	ILMN_3166630	2750053	ERCC-00156-01	ERCC-00156-01		CCCGAGGTAGACTATCTTCCAGATGATGCCATACGTTCACTCAATCGCGC
877	ILMN_3166640	1660692	ERCC-00157-02	ERCC-00157-02		TCCTGCATCAATACGCGGCACCGGGGGTCCGATAGCATCTCGCCTTAGAT
878	ILMN_3166655	6250202	ERCC-00158-01	ERCC-00158-01		CGGAACTGGCGAATTCTACCCAAGCGACGCATTTATCGTTGGTATCGACC
879	ILMN_3166673	5550681	ERCC-00160-02	ERCC-00160-02		TGTAGGAGTTATGCGCCTTATCGCGAAGGTAGTTACTCTTGCCAGTGGGC
880	ILMN_3166687	5270161	ERCC-00162-01	ERCC-00162-01		CCCATGTGTCCAATTCTGAATATCTTTCCAGCTAAGTGCTTCTGCCCACC
881	ILMN_3166703	1440767	ERCC-00163-01	ERCC-00163-01		CCGCGAGCGACTGTAAACTAATCGGGGAACTTATTATAGAGCCGGTCCAG
882	ILMN_3166721	1820564	ERCC-00164-01	ERCC-00164-01		CTGTAGCAACAGCTTTAGCTAATAATGTCTTTCCAGTTCCTGGTGGTCCG
883	ILMN_3166728	4780255	ERCC-00165-01	ERCC-00165-01		AGCTCGGTTGCTTGGATGGTGCAGCTTACTTCGCGTACCTGCTGTTTGCA
884	ILMN_3166775	1430162	ERCC-00168-01	ERCC-00168-01		GAGAATGCATTTAAAAGGGTGGTTTTCCAGTAGCTACCTCTCCAGCAACC
885	ILMN_3166789	6590497	ERCC-00170-01	ERCC-00170-01		GTTGGAGACCCATTGCAGGCAGGGGTTTTAGCTGTTATGGCTATTGCTGA
886	ILMN_3166804	4890520	ERCC-00171-01	ERCC-00171-01		TCCCCCTAATCGAGACGCTGCAATAACACAGGGGCATACAGTAACCAGGC
